Fecha,Estado,Horario,Centena,Fijo,Corrido_1,Corrido_2
2024-01-01,TN,Morning,2,99,24,96
2024-01-01,GA,Midday,6,88,91,4
2024-01-01,NJ,Midday,4,36,45,99
2024-01-01,TN,Midday,1,33,16,5
2024-01-01,FL,Midday,2,91,92,22
2024-01-01,NY,Midday,6,54,66,58
2024-01-01,GA,Evening,9,90,58,65
2024-01-01,TN,Evening,8,10,72,99
2024-01-01,FL,Evening,3,38,97,55
2024-01-01,NY,Evening,8,8,50,62
2024-01-01,NJ,Evening,2,65,16,49
2024-01-01,GA,Night,3,43,56,98
2024-01-02,TN,Morning,5,92,29,21
2024-01-02,GA,Midday,2,16,72,48
2024-01-02,NJ,Midday,1,94,73,29
2024-01-02,TN,Midday,6,20,17,57
2024-01-02,FL,Midday,5,56,50,86
2024-01-02,NY,Midday,1,2,48,6
2024-01-02,GA,Evening,3,74,22,57
2024-01-02,TN,Evening,6,86,44,45
2024-01-02,NY,Evening,1,32,88,21
2024-01-02,NJ,Evening,1,85,42,22
2024-01-02,GA,Night,8,67,37,44
2024-01-03,TN,Morning,0,57,19,70
2024-01-03,GA,Midday,4,81,26,11
2024-01-03,NJ,Midday,7,59,7,16
2024-01-03,TN,Midday,4,36,49,17
2024-01-03,FL,Midday,8,63,94,22
2024-01-03,NY,Midday,7,24,23,56
2024-01-03,GA,Evening,6,47,47,17
2024-01-03,TN,Evening,4,48,19,23
2024-01-03,FL,Evening,9,85,72,71
2024-01-03,NY,Evening,1,80,86,79
2024-01-03,NJ,Evening,0,51,33,47
2024-01-03,GA,Night,8,24,6,36
2024-01-04,TN,Morning,3,91,37,6
2024-01-04,GA,Midday,8,24,67,71
2024-01-04,NJ,Midday,4,26,69,3
2024-01-04,TN,Midday,0,5,53,66
2024-01-04,FL,Midday,8,23,87,18
2024-01-04,NY,Midday,8,89,98,91
2024-01-04,GA,Evening,0,49,5,93
2024-01-04,TN,Evening,8,36,19,9
2024-01-04,NY,Evening,9,23,45,70
2024-01-04,NJ,Evening,4,16,24,71
2024-01-04,GA,Night,7,38,72,27
2024-01-05,TN,Morning,7,62,79,55
2024-01-05,GA,Midday,9,8,3,48
2024-01-05,NJ,Midday,7,70,30,24
2024-01-05,TN,Midday,4,56,64,50
2024-01-05,FL,Midday,1,53,73,11
2024-01-05,NY,Midday,3,90,97,27
2024-01-05,GA,Evening,3,41,57,0
2024-01-05,TN,Evening,4,27,37,19
2024-01-05,FL,Evening,1,99,97,10
2024-01-05,NY,Evening,3,28,73,83
2024-01-05,NJ,Evening,0,99,94,2
2024-01-05,GA,Night,8,48,39,17
2024-01-06,TN,Morning,8,91,43,33
2024-01-06,GA,Midday,7,14,37,85
2024-01-06,NJ,Midday,1,82,85,27
2024-01-06,TN,Midday,0,21,96,66
2024-01-06,FL,Midday,0,85,46,49
2024-01-06,NY,Midday,7,81,86,51
2024-01-06,GA,Evening,4,55,26,17
2024-01-06,NY,Evening,5,1,86,3
2024-01-06,NJ,Evening,8,48,20,59
2024-01-06,GA,Night,2,35,58,23
2024-01-07,GA,Midday,0,95,40,22
2024-01-07,NJ,Midday,2,90,20,50
2024-01-07,FL,Midday,7,72,82,64
2024-01-07,NY,Midday,2,15,52,31
2024-01-07,GA,Evening,4,53,10,89
2024-01-07,TN,Evening,7,27,89,86
2024-01-07,FL,Evening,6,54,32,36
2024-01-07,NY,Evening,2,27,54,6
2024-01-07,NJ,Evening,5,17,59,48
2024-01-07,GA,Night,6,82,36,1
2024-01-08,TN,Morning,5,80,95,82
2024-01-08,GA,Midday,0,90,73,90
2024-01-08,NJ,Midday,5,30,89,32
2024-01-08,TN,Midday,6,90,89,36
2024-01-08,FL,Midday,2,1,80,62
2024-01-08,NY,Midday,2,32,3,72
2024-01-08,GA,Evening,4,65,12,78
2024-01-08,TN,Evening,1,34,61,80
2024-01-08,NY,Evening,7,66,52,71
2024-01-08,NJ,Evening,6,45,7,27
2024-01-08,GA,Night,2,74,86,96
2024-01-09,TN,Morning,9,40,46,60
2024-01-09,GA,Midday,6,76,72,86
2024-01-09,NJ,Midday,7,25,93,37
2024-01-09,TN,Midday,7,59,69,12
2024-01-09,FL,Midday,8,76,70,71
2024-01-09,NY,Midday,7,63,59,61
2024-01-09,GA,Evening,6,22,69,58
2024-01-09,TN,Evening,3,85,76,28
2024-01-09,FL,Evening,6,66,95,0
2024-01-09,NY,Evening,0,24,49,82
2024-01-09,NJ,Evening,8,24,77,81
2024-01-09,GA,Night,7,75,20,1
2024-01-10,TN,Morning,1,23,88,55
2024-01-10,GA,Midday,2,83,83,58
2024-01-10,NJ,Midday,2,77,65,67
2024-01-10,TN,Midday,4,27,24,34
2024-01-10,FL,Midday,2,69,5,15
2024-01-10,NY,Midday,5,95,66,37
2024-01-10,GA,Evening,6,64,61,90
2024-01-10,TN,Evening,0,86,64,83
2024-01-10,NY,Evening,9,57,10,45
2024-01-10,NJ,Evening,5,48,51,8
2024-01-10,GA,Night,2,87,76,33
2024-01-11,TN,Morning,8,72,10,6
2024-01-11,GA,Midday,3,69,12,59
2024-01-11,NJ,Midday,3,64,78,67
2024-01-11,TN,Midday,9,11,88,81
2024-01-11,FL,Midday,8,21,76,22
2024-01-11,NY,Midday,6,41,13,90
2024-01-11,GA,Evening,5,12,1,24
2024-01-11,TN,Evening,3,11,23,41
2024-01-11,FL,Evening,9,31,47,39
2024-01-11,NY,Evening,4,76,70,23
2024-01-11,NJ,Evening,8,65,76,3
2024-01-11,GA,Night,6,2,0,95
2024-01-12,TN,Morning,7,91,50,57
2024-01-12,GA,Midday,1,26,42,70
2024-01-12,NJ,Midday,6,6,74,72
2024-01-12,TN,Midday,3,42,6,9
2024-01-12,FL,Midday,5,49,10,95
2024-01-12,NY,Midday,1,87,54,28
2024-01-12,GA,Evening,9,52,39,96
2024-01-12,TN,Evening,1,21,56,43
2024-01-12,NY,Evening,7,42,41,41
2024-01-12,NJ,Evening,3,12,72,62
2024-01-12,GA,Night,6,27,79,56
2024-01-13,TN,Morning,1,12,22,89
2024-01-13,GA,Midday,6,28,84,28
2024-01-13,NJ,Midday,8,27,27,83
2024-01-13,TN,Midday,5,71,93,63
2024-01-13,FL,Midday,1,36,58,74
2024-01-13,NY,Midday,3,47,22,59
2024-01-13,GA,Evening,1,7,36,55
2024-01-13,FL,Evening,6,3,58,96
2024-01-13,NY,Evening,5,31,11,81
2024-01-13,NJ,Evening,3,77,74,66
2024-01-13,GA,Night,4,5,14,40
2024-01-14,GA,Midday,5,94,52,91
2024-01-14,NJ,Midday,4,14,32,20
2024-01-14,FL,Midday,2,87,95,17
2024-01-14,NY,Midday,0,74,69,8
2024-01-14,GA,Evening,1,20,77,89
2024-01-14,TN,Evening,4,12,49,72
2024-01-14,NY,Evening,4,40,38,66
2024-01-14,NJ,Evening,5,64,10,2
2024-01-14,GA,Night,4,45,58,72
2024-01-15,TN,Morning,9,22,56,45
2024-01-15,GA,Midday,6,36,19,85
2024-01-15,NJ,Midday,7,20,72,54
2024-01-15,TN,Midday,9,92,95,68
2024-01-15,FL,Midday,8,77,14,74
2024-01-15,NY,Midday,2,8,46,49
2024-01-15,GA,Evening,8,6,6,94
2024-01-15,TN,Evening,5,85,42,69
2024-01-15,FL,Evening,8,11,97,37
2024-01-15,NY,Evening,1,62,8,64
2024-01-15,NJ,Evening,6,90,38,85
2024-01-15,GA,Night,8,7,40,96
2024-01-16,TN,Morning,7,51,85,64
2024-01-16,GA,Midday,4,71,81,3
2024-01-16,NJ,Midday,9,52,71,7
2024-01-16,TN,Midday,6,11,62,92
2024-01-16,FL,Midday,5,14,85,69
2024-01-16,NY,Midday,6,83,31,92
2024-01-16,GA,Evening,9,23,1,38
2024-01-16,TN,Evening,3,32,35,47
2024-01-16,NY,Evening,0,43,25,60
2024-01-16,NJ,Evening,5,6,78,11
2024-01-16,GA,Night,7,18,53,0
2024-01-17,TN,Morning,9,17,16,50
2024-01-17,GA,Midday,3,92,84,93
2024-01-17,NJ,Midday,8,4,46,55
2024-01-17,TN,Midday,0,44,3,3
2024-01-17,FL,Midday,4,99,65,31
2024-01-17,NY,Midday,9,91,89,40
2024-01-17,GA,Evening,9,85,77,22
2024-01-17,TN,Evening,8,99,62,66
2024-01-17,FL,Evening,6,58,5,18
2024-01-17,NY,Evening,5,65,42,42
2024-01-17,NJ,Evening,5,86,76,65
2024-01-17,GA,Night,4,10,88,61
2024-01-18,TN,Morning,2,72,80,61
2024-01-18,GA,Midday,8,18,94,81
2024-01-18,NJ,Midday,5,78,29,6
2024-01-18,TN,Midday,3,18,3,1
2024-01-18,FL,Midday,4,70,67,59
2024-01-18,NY,Midday,0,70,23,14
2024-01-18,GA,Evening,4,35,76,65
2024-01-18,TN,Evening,9,28,96,0
2024-01-18,NY,Evening,5,45,12,57
2024-01-18,NJ,Evening,0,65,66,93
2024-01-18,GA,Night,0,64,2,29
2024-01-19,TN,Morning,7,52,46,47
2024-01-19,GA,Midday,6,38,54,95
2024-01-19,NJ,Midday,4,58,98,87
2024-01-19,TN,Midday,2,7,68,81
2024-01-19,FL,Midday,5,26,24,36
2024-01-19,NY,Midday,2,82,83,82
2024-01-19,GA,Evening,5,9,15,51
2024-01-19,TN,Evening,1,74,57,20
2024-01-19,FL,Evening,6,43,31,53
2024-01-19,NY,Evening,9,52,60,77
2024-01-19,NJ,Evening,4,68,75,93
2024-01-19,GA,Night,8,8,10,70
2024-01-20,TN,Morning,8,26,51,30
2024-01-20,GA,Midday,9,46,29,12
2024-01-20,NJ,Midday,6,40,58,60
2024-01-20,TN,Midday,0,94,52,23
2024-01-20,FL,Midday,3,72,51,84
2024-01-20,NY,Midday,3,69,91,47
2024-01-20,GA,Evening,3,90,64,53
2024-01-20,NY,Evening,9,50,39,12
2024-01-20,NJ,Evening,6,51,16,65
2024-01-20,GA,Night,8,60,10,95
2024-01-21,GA,Midday,6,62,56,67
2024-01-21,NJ,Midday,8,92,24,69
2024-01-21,FL,Midday,8,28,92,98
2024-01-21,NY,Midday,8,5,32,58
2024-01-21,GA,Evening,3,13,58,13
2024-01-21,TN,Evening,6,64,48,6
2024-01-21,FL,Evening,5,40,65,19
2024-01-21,NY,Evening,9,14,72,66
2024-01-21,NJ,Evening,9,90,49,38
2024-01-21,GA,Night,1,53,38,77
2024-01-22,TN,Morning,9,3,4,51
2024-01-22,GA,Midday,0,98,9,81
2024-01-22,NJ,Midday,6,11,80,62
2024-01-22,TN,Midday,9,29,75,70
2024-01-22,FL,Midday,9,42,60,96
2024-01-22,NY,Midday,8,25,30,53
2024-01-22,GA,Evening,3,63,51,84
2024-01-22,TN,Evening,7,38,53,61
2024-01-22,NY,Evening,1,99,6,7
2024-01-22,NJ,Evening,1,91,58,26
2024-01-22,GA,Night,7,80,53,3
2024-01-23,TN,Morning,5,74,6,57
2024-01-23,GA,Midday,2,14,62,87
2024-01-23,NJ,Midday,6,83,81,62
2024-01-23,TN,Midday,0,6,71,71
2024-01-23,FL,Midday,1,99,66,87
2024-01-23,NY,Midday,8,96,4,90
2024-01-23,GA,Evening,7,71,82,83
2024-01-23,TN,Evening,4,97,4,99
2024-01-23,FL,Evening,5,87,73,62
2024-01-23,NY,Evening,0,38,24,20
2024-01-23,NJ,Evening,7,55,78,45
2024-01-23,GA,Night,1,4,55,56
2024-01-24,TN,Morning,2,68,28,76
2024-01-24,GA,Midday,7,90,85,16
2024-01-24,NJ,Midday,0,57,60,44
2024-01-24,TN,Midday,4,9,42,95
2024-01-24,FL,Midday,1,88,58,70
2024-01-24,NY,Midday,8,78,99,96
2024-01-24,GA,Evening,2,52,85,41
2024-01-24,TN,Evening,7,92,84,10
2024-01-24,NY,Evening,1,3,88,70
2024-01-24,NJ,Evening,9,59,91,50
2024-01-24,GA,Night,1,17,28,83
2024-01-25,TN,Morning,0,3,72,19
2024-01-25,GA,Midday,4,13,42,37
2024-01-25,NJ,Midday,8,80,25,72
2024-01-25,TN,Midday,2,27,26,73
2024-01-25,FL,Midday,2,2,61,33
2024-01-25,NY,Midday,7,61,17,54
2024-01-25,GA,Evening,4,66,96,4
2024-01-25,TN,Evening,8,58,72,64
2024-01-25,FL,Evening,2,78,84,72
2024-01-25,NY,Evening,7,54,77,1
2024-01-25,NJ,Evening,6,85,61,1
2024-01-25,GA,Night,9,11,32,24
2024-01-26,TN,Morning,1,40,49,31
2024-01-26,GA,Midday,9,68,33,13
2024-01-26,NJ,Midday,7,2,66,97
2024-01-26,TN,Midday,4,43,45,74
2024-01-26,FL,Midday,0,93,25,69
2024-01-26,NY,Midday,0,72,17,31
2024-01-26,GA,Evening,1,24,42,2
2024-01-26,TN,Evening,2,85,63,7
2024-01-26,NY,Evening,1,33,52,5
2024-01-26,NJ,Evening,1,7,62,11
2024-01-26,GA,Night,8,41,64,47
2024-01-27,TN,Morning,0,81,84,80
2024-01-27,GA,Midday,6,56,50,63
2024-01-27,NJ,Midday,4,70,64,36
2024-01-27,TN,Midday,1,26,84,7
2024-01-27,FL,Midday,9,35,75,3
2024-01-27,NY,Midday,4,68,93,25
2024-01-27,GA,Evening,3,99,98,6
2024-01-27,FL,Evening,5,92,38,11
2024-01-27,NY,Evening,2,42,28,20
2024-01-27,NJ,Evening,9,52,88,78
2024-01-27,GA,Night,0,74,24,54
2024-01-28,GA,Midday,0,79,28,87
2024-01-28,NJ,Midday,0,49,86,36
2024-01-28,FL,Midday,5,7,9,44
2024-01-28,NY,Midday,7,1,4,72
2024-01-28,GA,Evening,1,26,58,74
2024-01-28,TN,Evening,6,43,52,10
2024-01-28,FL,Evening,8,20,65,73
2024-01-28,NY,Evening,8,32,68,94
2024-01-28,NJ,Evening,2,88,29,71
2024-01-28,GA,Night,6,34,57,6
2024-01-29,TN,Morning,0,70,97,83
2024-01-29,GA,Midday,7,16,96,96
2024-01-29,NJ,Midday,9,7,63,45
2024-01-29,TN,Midday,8,11,29,73
2024-01-29,FL,Midday,9,78,97,54
2024-01-29,NY,Midday,3,60,7,0
2024-01-29,GA,Evening,2,97,22,97
2024-01-29,TN,Evening,6,93,69,13
2024-01-29,NY,Evening,5,60,4,42
2024-01-29,NJ,Evening,1,97,33,43
2024-01-29,GA,Night,5,82,85,47
2024-01-30,TN,Morning,2,74,46,4
2024-01-30,GA,Midday,4,89,57,8
2024-01-30,NJ,Midday,0,78,53,67
2024-01-30,TN,Midday,2,48,39,26
2024-01-30,FL,Midday,8,74,24,8
2024-01-30,NY,Midday,7,2,93,30
2024-01-30,GA,Evening,8,51,8,37
2024-01-30,TN,Evening,4,73,7,89
2024-01-30,NY,Evening,5,24,28,42
2024-01-30,NJ,Evening,7,13,20,83
2024-01-30,GA,Night,2,16,60,93
2024-01-31,TN,Morning,0,21,47,12
2024-01-31,GA,Midday,5,13,32,54
2024-01-31,NJ,Midday,8,46,26,17
2024-01-31,TN,Midday,4,32,41,94
2024-01-31,FL,Midday,3,13,37,86
2024-01-31,NY,Midday,0,69,71,30
2024-01-31,GA,Evening,4,18,25,65
2024-01-31,TN,Evening,7,24,45,31
2024-01-31,NY,Evening,1,39,88,8
2024-01-31,NJ,Evening,5,95,71,14
2024-01-31,GA,Night,8,91,99,12
2024-02-01,TN,Morning,4,49,99,19
2024-02-01,GA,Midday,2,16,79,28
2024-02-01,NJ,Midday,8,0,86,73
2024-02-01,TN,Midday,2,14,5,52
2024-02-01,FL,Midday,2,69,29,24
2024-02-01,NY,Midday,7,7,57,32
2024-02-01,GA,Evening,7,24,21,63
2024-02-01,TN,Evening,7,83,6,23
2024-02-01,NY,Evening,0,96,60,7
2024-02-01,NJ,Evening,4,48,7,57
2024-02-01,GA,Night,4,27,94,49
2024-02-02,TN,Morning,0,56,42,73
2024-02-02,GA,Midday,0,10,18,58
2024-02-02,NJ,Midday,1,84,19,85
2024-02-02,TN,Midday,3,98,42,51
2024-02-02,FL,Midday,2,95,99,4
2024-02-02,NY,Midday,7,59,3,50
2024-02-02,GA,Evening,3,6,21,65
2024-02-02,TN,Evening,3,81,91,48
2024-02-02,FL,Evening,4,66,92,47
2024-02-02,NY,Evening,5,21,28,92
2024-02-02,NJ,Evening,8,25,59,86
2024-02-02,GA,Night,9,2,87,10
2024-02-03,TN,Morning,8,63,0,23
2024-02-03,GA,Midday,1,57,85,99
2024-02-03,NJ,Midday,1,55,34,82
2024-02-03,TN,Midday,0,60,49,78
2024-02-03,FL,Midday,8,78,87,81
2024-02-03,NY,Midday,9,29,26,95
2024-02-03,GA,Evening,2,50,61,80
2024-02-03,TN,Evening,1,7,14,81
2024-02-03,FL,Evening,7,27,30,96
2024-02-03,NY,Evening,6,22,88,20
2024-02-03,NJ,Evening,6,51,27,21
2024-02-03,GA,Night,2,54,12,47
2024-02-04,GA,Midday,0,17,22,77
2024-02-04,NJ,Midday,6,11,8,29
2024-02-04,FL,Midday,0,21,61,39
2024-02-04,NY,Midday,2,51,7,20
2024-02-04,GA,Evening,6,45,86,54
2024-02-04,TN,Evening,0,77,1,6
2024-02-04,FL,Evening,9,93,37,30
2024-02-04,NY,Evening,4,51,71,45
2024-02-04,NJ,Evening,4,63,91,68
2024-02-04,GA,Night,5,67,10,9
2024-02-05,TN,Morning,9,6,42,28
2024-02-05,GA,Midday,0,23,54,99
2024-02-05,NJ,Midday,0,41,36,1
2024-02-05,TN,Midday,3,22,53,42
2024-02-05,FL,Midday,2,79,75,20
2024-02-05,NY,Midday,2,28,57,12
2024-02-05,GA,Evening,6,2,10,24
2024-02-05,TN,Evening,9,23,62,44
2024-02-05,FL,Evening,7,43,40,53
2024-02-05,NY,Evening,2,32,30,74
2024-02-05,NJ,Evening,2,75,78,15
2024-02-05,GA,Night,6,79,71,35
2024-02-06,TN,Morning,2,76,88,57
2024-02-06,GA,Midday,2,70,90,66
2024-02-06,NJ,Midday,6,43,90,55
2024-02-06,TN,Midday,2,47,32,77
2024-02-06,FL,Midday,6,17,89,90
2024-02-06,NY,Midday,5,70,70,63
2024-02-06,GA,Evening,4,31,54,5
2024-02-06,TN,Evening,2,75,67,19
2024-02-06,FL,Evening,7,25,35,71
2024-02-06,NY,Evening,6,5,32,90
2024-02-06,NJ,Evening,9,37,61,6
2024-02-06,GA,Night,6,89,9,13
2024-02-07,TN,Morning,4,91,29,51
2024-02-07,GA,Midday,9,97,68,55
2024-02-07,NJ,Midday,0,74,73,36
2024-02-07,TN,Midday,3,55,96,74
2024-02-07,FL,Midday,9,86,38,40
2024-02-07,NY,Midday,9,99,30,89
2024-02-07,GA,Evening,9,91,6,66
2024-02-07,TN,Evening,8,63,18,93
2024-02-07,FL,Evening,3,11,2,97
2024-02-07,NY,Evening,7,76,53,1
2024-02-07,NJ,Evening,7,21,88,49
2024-02-07,GA,Night,3,72,61,85
2024-02-08,TN,Morning,0,97,20,63
2024-02-08,GA,Midday,4,76,33,66
2024-02-08,NJ,Midday,4,52,81,82
2024-02-08,TN,Midday,5,23,98,95
2024-02-08,FL,Midday,0,83,47,83
2024-02-08,NY,Midday,6,59,36,0
2024-02-08,GA,Evening,0,76,63,36
2024-02-08,TN,Evening,5,87,99,55
2024-02-08,FL,Evening,5,97,49,18
2024-02-08,NY,Evening,0,71,15,79
2024-02-08,NJ,Evening,9,88,76,75
2024-02-08,GA,Night,4,88,7,74
2024-02-09,TN,Morning,8,67,14,21
2024-02-09,GA,Midday,2,18,23,41
2024-02-09,NJ,Midday,0,11,9,11
2024-02-09,TN,Midday,0,25,25,0
2024-02-09,FL,Midday,7,90,25,95
2024-02-09,NY,Midday,7,4,42,90
2024-02-09,GA,Evening,4,27,49,75
2024-02-09,TN,Evening,6,5,44,45
2024-02-09,FL,Evening,7,50,38,10
2024-02-09,NY,Evening,3,73,65,1
2024-02-09,NJ,Evening,3,36,26,0
2024-02-09,GA,Night,4,97,46,43
2024-02-10,TN,Morning,4,8,81,48
2024-02-10,GA,Midday,3,61,95,33
2024-02-10,NJ,Midday,9,46,41,82
2024-02-10,TN,Midday,7,71,28,30
2024-02-10,FL,Midday,0,62,83,76
2024-02-10,NY,Midday,3,29,73,18
2024-02-10,GA,Evening,6,45,25,59
2024-02-10,TN,Evening,5,1,26,58
2024-02-10,FL,Evening,5,85,87,90
2024-02-10,NY,Evening,7,49,8,65
2024-02-10,NJ,Evening,0,32,66,71
2024-02-10,GA,Night,0,59,35,2
2024-02-11,GA,Midday,7,25,65,44
2024-02-11,NJ,Midday,9,49,47,43
2024-02-11,FL,Midday,9,23,94,4
2024-02-11,NY,Midday,2,83,39,13
2024-02-11,GA,Evening,3,83,94,90
2024-02-11,TN,Evening,2,69,14,72
2024-02-11,FL,Evening,5,12,20,7
2024-02-11,NY,Evening,8,38,6,70
2024-02-11,NJ,Evening,3,22,34,9
2024-02-11,GA,Night,7,75,49,56
2024-02-12,TN,Morning,7,21,91,19
2024-02-12,GA,Midday,1,18,99,75
2024-02-12,NJ,Midday,4,54,60,8
2024-02-12,TN,Midday,2,22,57,56
2024-02-12,FL,Midday,8,20,66,34
2024-02-12,NY,Midday,5,21,42,58
2024-02-12,GA,Evening,7,50,58,26
2024-02-12,TN,Evening,6,53,74,18
2024-02-12,FL,Evening,7,69,92,6
2024-02-12,NY,Evening,5,47,93,65
2024-02-12,NJ,Evening,2,70,20,79
2024-02-12,GA,Night,1,81,7,92
2024-02-13,TN,Morning,8,69,66,67
2024-02-13,GA,Midday,8,60,24,88
2024-02-13,NJ,Midday,0,76,61,6
2024-02-13,TN,Midday,6,58,77,54
2024-02-13,FL,Midday,6,68,3,19
2024-02-13,NY,Midday,1,55,54,40
2024-02-13,GA,Evening,5,57,38,44
2024-02-13,TN,Evening,9,10,15,1
2024-02-13,FL,Evening,4,90,4,11
2024-02-13,NY,Evening,3,8,20,91
2024-02-13,NJ,Evening,1,97,94,47
2024-02-13,GA,Night,1,23,2,95
2024-02-14,TN,Morning,4,43,13,97
2024-02-14,GA,Midday,4,15,42,78
2024-02-14,NJ,Midday,2,33,74,99
2024-02-14,TN,Midday,2,91,34,70
2024-02-14,FL,Midday,0,86,77,29
2024-02-14,NY,Midday,3,89,16,70
2024-02-14,GA,Evening,6,35,65,51
2024-02-14,TN,Evening,5,92,48,13
2024-02-14,FL,Evening,3,76,29,3
2024-02-14,NY,Evening,1,47,14,17
2024-02-14,NJ,Evening,4,88,26,51
2024-02-14,GA,Night,0,84,50,17
2024-02-15,TN,Morning,6,51,51,74
2024-02-15,GA,Midday,1,66,71,74
2024-02-15,NJ,Midday,7,95,43,53
2024-02-15,TN,Midday,7,75,97,49
2024-02-15,FL,Midday,2,87,69,29
2024-02-15,NY,Midday,5,65,94,76
2024-02-15,GA,Evening,3,51,20,62
2024-02-15,TN,Evening,6,32,72,79
2024-02-15,FL,Evening,9,73,29,32
2024-02-15,NY,Evening,1,76,47,28
2024-02-15,NJ,Evening,9,17,75,68
2024-02-15,GA,Night,6,34,28,36
2024-02-16,TN,Morning,0,20,56,87
2024-02-16,GA,Midday,4,13,96,81
2024-02-16,NJ,Midday,4,33,75,1
2024-02-16,TN,Midday,6,98,89,78
2024-02-16,FL,Midday,7,63,23,50
2024-02-16,NY,Midday,7,18,96,18
2024-02-16,GA,Evening,8,33,52,69
2024-02-16,TN,Evening,7,51,62,74
2024-02-16,FL,Evening,8,17,31,12
2024-02-16,NY,Evening,2,99,81,67
2024-02-16,NJ,Evening,2,47,40,89
2024-02-16,GA,Night,2,71,4,0
2024-02-17,TN,Morning,0,6,87,92
2024-02-17,GA,Midday,0,90,9,11
2024-02-17,NJ,Midday,0,3,41,65
2024-02-17,TN,Midday,9,45,80,75
2024-02-17,FL,Midday,6,72,36,73
2024-02-17,NY,Midday,5,65,82,32
2024-02-17,GA,Evening,5,70,9,15
2024-02-17,TN,Evening,3,14,41,39
2024-02-17,FL,Evening,1,62,35,96
2024-02-17,NY,Evening,0,43,42,76
2024-02-17,NJ,Evening,3,81,59,61
2024-02-17,GA,Night,2,82,72,12
2024-02-18,GA,Midday,9,2,54,66
2024-02-18,NJ,Midday,7,89,72,41
2024-02-18,FL,Midday,5,23,40,32
2024-02-18,NY,Midday,0,95,88,10
2024-02-18,GA,Evening,9,7,70,73
2024-02-18,TN,Evening,5,5,31,83
2024-02-18,FL,Evening,2,26,71,85
2024-02-18,NY,Evening,6,85,37,79
2024-02-18,NJ,Evening,0,77,26,39
2024-02-18,GA,Night,8,81,18,24
2024-02-19,TN,Morning,6,49,0,99
2024-02-19,GA,Midday,9,8,15,28
2024-02-19,NJ,Midday,3,49,35,4
2024-02-19,TN,Midday,2,19,6,71
2024-02-19,FL,Midday,6,85,94,23
2024-02-19,NY,Midday,0,91,57,62
2024-02-19,GA,Evening,9,2,40,60
2024-02-19,TN,Evening,4,84,55,94
2024-02-19,FL,Evening,4,0,12,4
2024-02-19,NY,Evening,3,33,68,51
2024-02-19,NJ,Evening,3,95,12,72
2024-02-19,GA,Night,6,91,8,14
2024-02-20,TN,Morning,2,1,68,39
2024-02-20,GA,Midday,4,34,38,8
2024-02-20,NJ,Midday,3,7,71,1
2024-02-20,TN,Midday,2,68,66,25
2024-02-20,FL,Midday,4,20,86,68
2024-02-20,NY,Midday,0,76,8,47
2024-02-20,GA,Evening,3,57,75,93
2024-02-20,TN,Evening,8,20,63,60
2024-02-20,FL,Evening,8,30,72,34
2024-02-20,NY,Evening,7,68,85,77
2024-02-20,NJ,Evening,4,23,70,13
2024-02-20,GA,Night,2,60,99,82
2024-02-21,TN,Morning,9,36,71,46
2024-02-21,GA,Midday,4,55,91,26
2024-02-21,NJ,Midday,8,31,71,84
2024-02-21,TN,Midday,8,88,57,55
2024-02-21,FL,Midday,6,19,41,26
2024-02-21,NY,Midday,1,11,76,69
2024-02-21,GA,Evening,6,99,21,51
2024-02-21,TN,Evening,0,12,74,58
2024-02-21,FL,Evening,6,64,76,88
2024-02-21,NY,Evening,7,19,74,64
2024-02-21,NJ,Evening,9,86,71,60
2024-02-21,GA,Night,3,23,97,54
2024-02-22,TN,Morning,3,83,50,42
2024-02-22,GA,Midday,8,93,69,19
2024-02-22,NJ,Midday,3,41,21,42
2024-02-22,TN,Midday,6,87,83,41
2024-02-22,FL,Midday,2,11,29,19
2024-02-22,NY,Midday,7,42,16,18
2024-02-22,GA,Evening,6,36,28,51
2024-02-22,TN,Evening,9,94,96,63
2024-02-22,FL,Evening,2,67,10,91
2024-02-22,NY,Evening,8,82,98,11
2024-02-22,NJ,Evening,8,2,44,57
2024-02-22,GA,Night,8,3,21,49
2024-02-23,TN,Morning,2,55,56,54
2024-02-23,GA,Midday,1,98,25,65
2024-02-23,NJ,Midday,4,47,51,14
2024-02-23,TN,Midday,0,87,23,54
2024-02-23,FL,Midday,7,86,71,15
2024-02-23,NY,Midday,4,20,45,10
2024-02-23,GA,Evening,6,56,72,87
2024-02-23,TN,Evening,4,13,57,83
2024-02-23,FL,Evening,9,49,64,24
2024-02-23,NY,Evening,6,54,96,75
2024-02-23,NJ,Evening,3,0,34,32
2024-02-23,GA,Night,7,60,93,65
2024-02-24,TN,Morning,2,76,23,49
2024-02-24,GA,Midday,9,45,68,61
2024-02-24,NJ,Midday,5,75,96,74
2024-02-24,TN,Midday,2,80,81,68
2024-02-24,FL,Midday,0,13,32,49
2024-02-24,NY,Midday,5,11,13,85
2024-02-24,GA,Evening,5,39,3,40
2024-02-24,TN,Evening,6,93,32,83
2024-02-24,FL,Evening,3,54,26,21
2024-02-24,NY,Evening,8,41,57,95
2024-02-24,NJ,Evening,7,76,96,43
2024-02-24,GA,Night,8,79,40,29
2024-02-25,GA,Midday,9,29,98,48
2024-02-25,NJ,Midday,4,34,23,87
2024-02-25,FL,Midday,9,62,24,42
2024-02-25,NY,Midday,2,98,37,66
2024-02-25,GA,Evening,3,47,39,98
2024-02-25,TN,Evening,8,36,38,14
2024-02-25,FL,Evening,4,18,17,9
2024-02-25,NY,Evening,0,29,25,43
2024-02-25,NJ,Evening,6,42,53,32
2024-02-25,GA,Night,5,79,9,86
2024-02-26,TN,Morning,0,10,25,66
2024-02-26,GA,Midday,5,73,77,86
2024-02-26,NJ,Midday,7,96,81,55
2024-02-26,TN,Midday,6,66,13,23
2024-02-26,FL,Midday,7,67,72,12
2024-02-26,NY,Midday,3,93,34,3
2024-02-26,GA,Evening,2,51,6,81
2024-02-26,TN,Evening,2,10,64,74
2024-02-26,FL,Evening,0,24,11,56
2024-02-26,NY,Evening,9,10,45,5
2024-02-26,NJ,Evening,1,10,11,14
2024-02-26,GA,Night,9,67,88,63
2024-02-27,TN,Morning,7,92,99,15
2024-02-27,GA,Midday,3,39,60,47
2024-02-27,NJ,Midday,1,50,53,26
2024-02-27,TN,Midday,3,21,6,57
2024-02-27,FL,Midday,5,30,36,17
2024-02-27,NY,Midday,5,41,39,84
2024-02-27,GA,Evening,9,81,51,0
2024-02-27,TN,Evening,0,45,34,48
2024-02-27,FL,Evening,0,28,22,83
2024-02-27,NY,Evening,1,67,46,29
2024-02-27,NJ,Evening,5,18,80,77
2024-02-27,GA,Night,2,43,18,78
2024-02-28,TN,Morning,1,29,43,41
2024-02-28,GA,Midday,8,56,67,67
2024-02-28,NJ,Midday,6,31,83,70
2024-02-28,TN,Midday,9,41,58,7
2024-02-28,FL,Midday,3,57,69,99
2024-02-28,NY,Midday,6,83,13,15
2024-02-28,GA,Evening,3,37,11,65
2024-02-28,TN,Evening,7,77,6,7
2024-02-28,FL,Evening,1,48,67,92
2024-02-28,NY,Evening,7,63,77,98
2024-02-28,NJ,Evening,9,90,72,93
2024-02-28,GA,Night,0,61,35,16
2024-02-29,TN,Morning,6,99,70,48
2024-02-29,GA,Midday,5,79,30,82
2024-02-29,NJ,Midday,9,83,68,69
2024-02-29,TN,Midday,8,77,46,14
2024-02-29,FL,Midday,8,61,48,50
2024-02-29,NY,Midday,5,5,14,12
2024-02-29,GA,Evening,6,6,73,38
2024-02-29,TN,Evening,8,91,31,30
2024-02-29,FL,Evening,4,82,74,34
2024-02-29,NY,Evening,2,38,67,92
2024-02-29,NJ,Evening,0,80,16,60
2024-02-29,GA,Night,8,15,30,93
2024-03-01,TN,Morning,1,89,63,99
2024-03-01,GA,Midday,9,35,13,74
2024-03-01,NJ,Midday,8,94,2,39
2024-03-01,TN,Midday,2,14,7,91
2024-03-01,FL,Midday,6,70,68,29
2024-03-01,NY,Midday,5,70,88,4
2024-03-01,GA,Evening,6,83,55,69
2024-03-01,TN,Evening,0,13,50,77
2024-03-01,FL,Evening,1,21,62,95
2024-03-01,NY,Evening,8,17,51,30
2024-03-01,NJ,Evening,0,94,7,40
2024-03-01,GA,Night,4,28,41,5
2024-03-02,TN,Morning,8,74,32,23
2024-03-02,GA,Midday,3,59,27,73
2024-03-02,NJ,Midday,9,65,62,64
2024-03-02,TN,Midday,3,45,14,73
2024-03-02,FL,Midday,9,18,24,4
2024-03-02,NY,Midday,4,80,84,12
2024-03-02,GA,Evening,3,71,27,11
2024-03-02,TN,Evening,2,92,1,82
2024-03-02,FL,Evening,1,96,17,71
2024-03-02,NY,Evening,6,50,46,13
2024-03-02,NJ,Evening,6,58,35,18
2024-03-02,GA,Night,4,39,44,19
2024-03-03,GA,Midday,4,31,72,93
2024-03-03,NJ,Midday,9,36,19,87
2024-03-03,FL,Midday,6,82,98,50
2024-03-03,NY,Midday,9,55,55,35
2024-03-03,GA,Evening,7,51,10,74
2024-03-03,TN,Evening,7,9,8,23
2024-03-03,FL,Evening,2,73,61,49
2024-03-03,NY,Evening,2,69,7,90
2024-03-03,NJ,Evening,2,12,69,74
2024-03-03,GA,Night,8,70,70,46
2024-03-04,TN,Morning,2,70,23,90
2024-03-04,GA,Midday,1,2,51,34
2024-03-04,NJ,Midday,2,45,27,86
2024-03-04,TN,Midday,9,19,39,21
2024-03-04,FL,Midday,6,54,9,80
2024-03-04,NY,Midday,0,36,63,78
2024-03-04,GA,Evening,2,39,85,24
2024-03-04,TN,Evening,8,61,93,84
2024-03-04,FL,Evening,5,6,84,55
2024-03-04,NY,Evening,3,3,83,95
2024-03-04,NJ,Evening,6,92,57,20
2024-03-04,GA,Night,3,70,21,74
2024-03-05,TN,Morning,8,25,81,78
2024-03-05,GA,Midday,1,58,70,93
2024-03-05,NJ,Midday,8,20,55,95
2024-03-05,TN,Midday,7,83,13,34
2024-03-05,FL,Midday,0,79,91,22
2024-03-05,NY,Midday,5,27,83,60
2024-03-05,GA,Evening,9,3,28,89
2024-03-05,TN,Evening,7,15,83,91
2024-03-05,FL,Evening,6,32,78,12
2024-03-05,NY,Evening,0,69,49,95
2024-03-05,NJ,Evening,9,43,43,49
2024-03-05,GA,Night,2,59,12,59
2024-03-06,TN,Morning,4,92,67,33
2024-03-06,GA,Midday,7,85,63,33
2024-03-06,NJ,Midday,6,32,71,38
2024-03-06,TN,Midday,7,28,26,94
2024-03-06,FL,Midday,2,20,88,86
2024-03-06,NY,Midday,9,15,1,32
2024-03-06,GA,Evening,2,62,79,70
2024-03-06,TN,Evening,5,62,17,50
2024-03-06,FL,Evening,2,50,13,69
2024-03-06,NY,Evening,9,87,85,86
2024-03-06,NJ,Evening,4,42,1,47
2024-03-06,GA,Night,9,54,9,17
2024-03-07,TN,Morning,9,14,75,26
2024-03-07,GA,Midday,2,95,18,77
2024-03-07,NJ,Midday,8,19,71,20
2024-03-07,TN,Midday,4,29,16,11
2024-03-07,FL,Midday,9,25,75,20
2024-03-07,NY,Midday,7,69,74,44
2024-03-07,GA,Evening,3,30,81,74
2024-03-07,TN,Evening,2,26,34,52
2024-03-07,FL,Evening,6,64,95,79
2024-03-07,NY,Evening,5,88,89,85
2024-03-07,NJ,Evening,0,57,69,2
2024-03-07,GA,Night,2,26,11,6
2024-03-08,TN,Morning,1,58,67,21
2024-03-08,GA,Midday,2,40,35,65
2024-03-08,NJ,Midday,1,96,61,75
2024-03-08,TN,Midday,5,41,42,59
2024-03-08,FL,Midday,9,42,11,16
2024-03-08,NY,Midday,5,6,41,71
2024-03-08,GA,Evening,3,70,90,84
2024-03-08,TN,Evening,1,75,10,79
2024-03-08,FL,Evening,9,32,40,89
2024-03-08,NY,Evening,5,7,96,65
2024-03-08,NJ,Evening,5,40,87,68
2024-03-08,GA,Night,2,31,10,32
2024-03-09,TN,Morning,8,47,58,89
2024-03-09,GA,Midday,6,90,78,8
2024-03-09,NJ,Midday,3,98,31,80
2024-03-09,TN,Midday,7,28,47,18
2024-03-09,FL,Midday,5,18,72,49
2024-03-09,NY,Midday,3,93,40,22
2024-03-09,GA,Evening,1,40,57,10
2024-03-09,TN,Evening,8,77,8,95
2024-03-09,FL,Evening,5,88,11,49
2024-03-09,NY,Evening,2,81,5,99
2024-03-09,NJ,Evening,0,52,8,20
2024-03-09,GA,Night,8,32,94,23
2024-03-10,GA,Midday,4,82,1,15
2024-03-10,NJ,Midday,4,38,97,85
2024-03-10,FL,Midday,5,83,24,15
2024-03-10,NY,Midday,8,60,47,65
2024-03-10,GA,Evening,3,43,2,13
2024-03-10,TN,Evening,7,72,98,67
2024-03-10,FL,Evening,7,22,63,92
2024-03-10,NY,Evening,5,64,70,38
2024-03-10,NJ,Evening,1,78,97,91
2024-03-10,GA,Night,9,60,7,63
2024-03-11,TN,Morning,3,86,95,3
2024-03-11,GA,Midday,7,26,60,28
2024-03-11,NJ,Midday,2,69,64,76
2024-03-11,TN,Midday,3,94,70,93
2024-03-11,FL,Midday,2,60,61,6
2024-03-11,NY,Midday,9,52,77,31
2024-03-11,GA,Evening,0,16,4,50
2024-03-11,TN,Evening,4,70,21,33
2024-03-11,FL,Evening,9,26,20,93
2024-03-11,NY,Evening,1,66,93,38
2024-03-11,NJ,Evening,3,60,95,60
2024-03-11,GA,Night,8,88,5,63
2024-03-12,TN,Morning,5,57,98,99
2024-03-12,GA,Midday,7,13,7,37
2024-03-12,NJ,Midday,5,37,57,44
2024-03-12,TN,Midday,4,73,96,70
2024-03-12,FL,Midday,7,82,74,19
2024-03-12,NY,Midday,0,59,27,18
2024-03-12,GA,Evening,0,13,51,89
2024-03-12,TN,Evening,9,20,30,63
2024-03-12,FL,Evening,3,21,20,7
2024-03-12,NY,Evening,1,51,44,68
2024-03-12,NJ,Evening,6,58,55,90
2024-03-12,GA,Night,5,14,47,32
2024-03-13,TN,Morning,0,82,43,94
2024-03-13,GA,Midday,2,58,40,42
2024-03-13,NJ,Midday,7,9,45,11
2024-03-13,TN,Midday,6,73,43,63
2024-03-13,FL,Midday,4,24,52,57
2024-03-13,NY,Midday,9,22,38,15
2024-03-13,GA,Evening,4,64,78,94
2024-03-13,TN,Evening,5,29,6,56
2024-03-13,FL,Evening,2,11,16,38
2024-03-13,NY,Evening,0,82,90,24
2024-03-13,NJ,Evening,2,48,39,46
2024-03-13,GA,Night,4,73,56,42
2024-03-14,TN,Morning,2,50,38,22
2024-03-14,GA,Midday,8,74,24,94
2024-03-14,NJ,Midday,0,7,76,27
2024-03-14,TN,Midday,6,3,34,64
2024-03-14,FL,Midday,1,61,50,28
2024-03-14,NY,Midday,7,2,62,11
2024-03-14,GA,Evening,5,14,38,82
2024-03-14,TN,Evening,6,89,96,8
2024-03-14,FL,Evening,4,56,86,74
2024-03-14,NY,Evening,2,51,60,77
2024-03-14,NJ,Evening,4,96,88,26
2024-03-14,GA,Night,7,18,59,81
2024-03-15,TN,Morning,1,1,15,37
2024-03-15,GA,Midday,4,91,65,21
2024-03-15,NJ,Midday,5,50,13,93
2024-03-15,TN,Midday,8,21,0,67
2024-03-15,FL,Midday,0,52,63,5
2024-03-15,NY,Midday,8,61,34,95
2024-03-15,GA,Evening,1,4,8,24
2024-03-15,TN,Evening,4,81,62,71
2024-03-15,FL,Evening,9,61,51,49
2024-03-15,NY,Evening,6,79,31,58
2024-03-15,NJ,Evening,8,34,12,51
2024-03-15,GA,Night,2,99,95,32
2024-03-16,TN,Morning,7,78,32,16
2024-03-16,GA,Midday,5,36,53,99
2024-03-16,NJ,Midday,9,87,95,62
2024-03-16,TN,Midday,0,19,57,34
2024-03-16,FL,Midday,2,6,98,93
2024-03-16,NY,Midday,8,3,24,7
2024-03-16,GA,Evening,7,19,22,18
2024-03-16,TN,Evening,8,37,25,96
2024-03-16,FL,Evening,5,58,66,86
2024-03-16,NY,Evening,1,48,53,3
2024-03-16,NJ,Evening,2,36,38,79
2024-03-16,GA,Night,3,34,91,7
2024-03-17,GA,Midday,4,15,21,80
2024-03-17,NJ,Midday,3,19,69,17
2024-03-17,FL,Midday,6,15,68,51
2024-03-17,NY,Midday,0,14,24,22
2024-03-17,GA,Evening,0,76,59,22
2024-03-17,TN,Evening,0,81,22,75
2024-03-17,FL,Evening,6,1,81,30
2024-03-17,NY,Evening,1,98,51,29
2024-03-17,NJ,Evening,5,28,40,70
2024-03-17,GA,Night,6,97,21,39
2024-03-18,TN,Morning,3,6,15,8
2024-03-18,GA,Midday,1,36,31,35
2024-03-18,NJ,Midday,3,17,11,5
2024-03-18,TN,Midday,5,68,38,4
2024-03-18,FL,Midday,6,72,68,33
2024-03-18,NY,Midday,9,25,61,27
2024-03-18,GA,Evening,0,77,31,29
2024-03-18,TN,Evening,4,18,97,97
2024-03-18,FL,Evening,8,65,84,33
2024-03-18,NY,Evening,8,77,80,48
2024-03-18,NJ,Evening,6,92,18,63
2024-03-18,GA,Night,4,37,64,63
2024-03-19,TN,Morning,5,46,91,10
2024-03-19,GA,Midday,5,33,19,99
2024-03-19,NJ,Midday,6,42,43,69
2024-03-19,TN,Midday,8,54,11,11
2024-03-19,FL,Midday,9,29,22,14
2024-03-19,NY,Midday,4,92,75,97
2024-03-19,GA,Evening,1,8,28,52
2024-03-19,TN,Evening,6,93,19,58
2024-03-19,FL,Evening,6,76,56,6
2024-03-19,NY,Evening,2,55,22,86
2024-03-19,NJ,Evening,6,0,17,28
2024-03-19,GA,Night,9,68,94,55
2024-03-20,TN,Morning,2,81,27,4
2024-03-20,GA,Midday,1,44,17,89
2024-03-20,NJ,Midday,4,44,63,9
2024-03-20,TN,Midday,0,38,52,95
2024-03-20,FL,Midday,9,0,39,81
2024-03-20,NY,Midday,9,93,48,48
2024-03-20,GA,Evening,0,31,57,50
2024-03-20,TN,Evening,1,70,78,54
2024-03-20,FL,Evening,1,7,97,41
2024-03-20,NY,Evening,3,72,77,64
2024-03-20,NJ,Evening,9,58,60,56
2024-03-20,GA,Night,9,13,57,89
2024-03-21,TN,Morning,4,0,26,24
2024-03-21,GA,Midday,2,91,51,30
2024-03-21,NJ,Midday,7,50,25,3
2024-03-21,TN,Midday,6,59,57,46
2024-03-21,FL,Midday,9,81,7,89
2024-03-21,NY,Midday,9,60,60,83
2024-03-21,GA,Evening,9,68,4,31
2024-03-21,TN,Evening,3,0,73,26
2024-03-21,FL,Evening,1,75,41,85
2024-03-21,NY,Evening,3,44,63,28
2024-03-21,NJ,Evening,0,67,5,71
2024-03-21,GA,Night,1,3,79,9
2024-03-22,TN,Morning,5,45,19,22
2024-03-22,GA,Midday,3,25,70,39
2024-03-22,NJ,Midday,3,97,55,90
2024-03-22,TN,Midday,3,40,22,53
2024-03-22,FL,Midday,2,1,71,18
2024-03-22,NY,Midday,2,37,97,28
2024-03-22,GA,Evening,0,14,32,90
2024-03-22,TN,Evening,5,26,76,8
2024-03-22,FL,Evening,2,62,2,27
2024-03-22,NY,Evening,0,49,12,96
2024-03-22,NJ,Evening,8,83,22,50
2024-03-22,GA,Night,4,94,36,18
2024-03-23,TN,Morning,1,73,14,14
2024-03-23,GA,Midday,3,41,24,34
2024-03-23,NJ,Midday,4,32,60,74
2024-03-23,TN,Midday,3,81,81,41
2024-03-23,FL,Midday,0,13,17,84
2024-03-23,NY,Midday,8,63,35,3
2024-03-23,GA,Evening,2,9,33,63
2024-03-23,TN,Evening,5,52,30,4
2024-03-23,FL,Evening,3,96,45,64
2024-03-23,NY,Evening,6,67,49,25
2024-03-23,NJ,Evening,7,86,61,39
2024-03-23,GA,Night,5,94,17,29
2024-03-24,GA,Midday,1,77,48,72
2024-03-24,NJ,Midday,4,18,39,77
2024-03-24,FL,Midday,1,34,56,82
2024-03-24,NY,Midday,4,74,74,58
2024-03-24,GA,Evening,0,62,30,21
2024-03-24,TN,Evening,0,93,59,15
2024-03-24,FL,Evening,2,99,94,37
2024-03-24,NY,Evening,5,68,17,91
2024-03-24,NJ,Evening,8,65,7,15
2024-03-24,GA,Night,4,99,86,11
2024-03-25,TN,Morning,8,7,47,80
2024-03-25,GA,Midday,0,13,55,67
2024-03-25,NJ,Midday,4,91,64,95
2024-03-25,TN,Midday,4,20,74,69
2024-03-25,FL,Midday,3,65,69,84
2024-03-25,NY,Midday,9,54,97,86
2024-03-25,GA,Evening,6,64,84,13
2024-03-25,TN,Evening,4,89,87,60
2024-03-25,FL,Evening,3,70,57,91
2024-03-25,NY,Evening,4,14,64,62
2024-03-25,NJ,Evening,3,0,87,58
2024-03-25,GA,Night,9,15,14,57
2024-03-26,TN,Morning,4,58,38,48
2024-03-26,GA,Midday,1,88,45,53
2024-03-26,NJ,Midday,8,57,50,52
2024-03-26,TN,Midday,0,0,3,2
2024-03-26,FL,Midday,7,6,29,97
2024-03-26,NY,Midday,0,39,63,4
2024-03-26,GA,Evening,3,54,95,2
2024-03-26,TN,Evening,4,27,90,79
2024-03-26,FL,Evening,7,94,11,20
2024-03-26,NY,Evening,9,44,62,40
2024-03-26,NJ,Evening,5,12,18,19
2024-03-26,GA,Night,0,98,94,25
2024-03-27,TN,Morning,9,82,70,50
2024-03-27,GA,Midday,0,66,36,67
2024-03-27,NJ,Midday,8,69,11,32
2024-03-27,TN,Midday,4,63,98,31
2024-03-27,FL,Midday,3,80,20,18
2024-03-27,NY,Midday,6,73,34,22
2024-03-27,GA,Evening,9,21,12,83
2024-03-27,TN,Evening,0,90,19,79
2024-03-27,FL,Evening,9,22,74,73
2024-03-27,NY,Evening,1,11,50,92
2024-03-27,NJ,Evening,6,69,18,38
2024-03-27,GA,Night,5,42,19,8
2024-03-28,TN,Morning,6,63,45,26
2024-03-28,GA,Midday,3,74,4,60
2024-03-28,NJ,Midday,8,5,44,13
2024-03-28,TN,Midday,0,17,81,90
2024-03-28,FL,Midday,4,8,11,87
2024-03-28,NY,Midday,3,47,11,3
2024-03-28,GA,Evening,7,93,1,9
2024-03-28,TN,Evening,6,74,8,84
2024-03-28,FL,Evening,5,17,74,43
2024-03-28,NY,Evening,0,69,43,64
2024-03-28,NJ,Evening,2,68,2,41
2024-03-28,GA,Night,6,99,9,12
2024-03-29,TN,Morning,4,64,41,61
2024-03-29,GA,Midday,7,75,27,73
2024-03-29,NJ,Midday,5,8,34,32
2024-03-29,TN,Midday,9,86,81,62
2024-03-29,FL,Midday,8,50,94,11
2024-03-29,NY,Midday,5,31,13,67
2024-03-29,GA,Evening,6,6,77,75
2024-03-29,TN,Evening,9,78,4,77
2024-03-29,FL,Evening,5,11,58,43
2024-03-29,NY,Evening,0,61,66,45
2024-03-29,NJ,Evening,9,81,7,24
2024-03-29,GA,Night,2,83,26,18
2024-03-30,TN,Morning,3,24,9,18
2024-03-30,GA,Midday,2,76,25,95
2024-03-30,NJ,Midday,1,17,61,63
2024-03-30,TN,Midday,6,78,60,82
2024-03-30,FL,Midday,5,39,72,92
2024-03-30,NY,Midday,4,27,69,71
2024-03-30,GA,Evening,7,33,14,78
2024-03-30,TN,Evening,2,35,60,55
2024-03-30,FL,Evening,8,40,22,20
2024-03-30,NY,Evening,5,78,60,56
2024-03-30,NJ,Evening,6,15,48,98
2024-03-30,GA,Night,3,49,78,27
2024-03-31,GA,Midday,7,12,95,10
2024-03-31,NJ,Midday,8,48,29,86
2024-03-31,FL,Midday,9,88,79,76
2024-03-31,NY,Midday,9,45,45,86
2024-03-31,GA,Evening,6,75,10,32
2024-03-31,TN,Evening,0,65,81,61
2024-03-31,FL,Evening,4,81,69,32
2024-03-31,NY,Evening,5,32,82,37
2024-03-31,NJ,Evening,8,63,41,21
2024-03-31,GA,Night,5,70,42,62
2024-04-01,TN,Morning,2,20,8,47
2024-04-01,GA,Midday,8,92,73,90
2024-04-01,NJ,Midday,0,59,2,63
2024-04-01,TN,Midday,4,42,43,61
2024-04-01,FL,Midday,3,57,31,10
2024-04-01,NY,Midday,7,54,93,62
2024-04-01,GA,Evening,8,8,75,12
2024-04-01,TN,Evening,9,13,26,23
2024-04-01,FL,Evening,4,54,96,40
2024-04-01,NY,Evening,8,29,13,77
2024-04-01,NJ,Evening,3,8,95,2
2024-04-01,GA,Night,2,79,27,13
2024-04-02,TN,Morning,1,2,33,52
2024-04-02,GA,Midday,9,47,83,40
2024-04-02,NJ,Midday,0,31,52,23
2024-04-02,TN,Midday,1,23,16,44
2024-04-02,FL,Midday,7,36,81,62
2024-04-02,NY,Midday,1,29,64,59
2024-04-02,GA,Evening,1,23,48,17
2024-04-02,TN,Evening,7,40,21,92
2024-04-02,FL,Evening,9,54,97,84
2024-04-02,NY,Evening,2,29,83,5
2024-04-02,NJ,Evening,1,82,34,29
2024-04-02,GA,Night,4,2,64,9
2024-04-03,TN,Morning,7,73,37,59
2024-04-03,GA,Midday,7,14,40,62
2024-04-03,NJ,Midday,2,92,61,50
2024-04-03,TN,Midday,3,30,63,56
2024-04-03,FL,Midday,9,70,36,90
2024-04-03,NY,Midday,7,52,77,79
2024-04-03,GA,Evening,8,89,69,97
2024-04-03,TN,Evening,0,25,81,71
2024-04-03,FL,Evening,6,50,48,39
2024-04-03,NY,Evening,0,52,10,17
2024-04-03,NJ,Evening,8,9,78,89
2024-04-03,GA,Night,6,63,10,4
2024-04-04,TN,Morning,6,99,49,33
2024-04-04,GA,Midday,0,29,83,49
2024-04-04,NJ,Midday,9,11,21,2
2024-04-04,TN,Midday,4,79,87,70
2024-04-04,FL,Midday,4,5,5,9
2024-04-04,NY,Midday,9,99,68,23
2024-04-04,GA,Evening,0,40,55,91
2024-04-04,TN,Evening,1,87,34,62
2024-04-04,FL,Evening,7,54,51,75
2024-04-04,NY,Evening,6,1,65,7
2024-04-04,NJ,Evening,7,43,43,85
2024-04-04,GA,Night,1,58,48,63
2024-04-05,TN,Morning,3,70,72,32
2024-04-05,GA,Midday,8,48,10,7
2024-04-05,NJ,Midday,5,44,49,29
2024-04-05,TN,Midday,0,28,97,64
2024-04-05,FL,Midday,0,86,23,23
2024-04-05,NY,Midday,6,0,2,78
2024-04-05,GA,Evening,2,75,31,88
2024-04-05,TN,Evening,8,71,75,90
2024-04-05,FL,Evening,0,35,41,32
2024-04-05,NY,Evening,7,70,40,69
2024-04-05,NJ,Evening,8,54,68,38
2024-04-05,GA,Night,1,39,51,51
2024-04-06,TN,Morning,7,42,46,13
2024-04-06,GA,Midday,6,86,14,1
2024-04-06,NJ,Midday,8,68,96,81
2024-04-06,TN,Midday,9,11,51,70
2024-04-06,FL,Midday,8,79,26,27
2024-04-06,NY,Midday,5,5,69,38
2024-04-06,GA,Evening,1,77,15,48
2024-04-06,TN,Evening,6,32,82,80
2024-04-06,FL,Evening,9,40,54,36
2024-04-06,NY,Evening,4,25,2,25
2024-04-06,NJ,Evening,4,81,10,87
2024-04-06,GA,Night,1,35,91,8
2024-04-07,GA,Midday,8,4,51,23
2024-04-07,NJ,Midday,1,87,81,45
2024-04-07,FL,Midday,7,44,69,12
2024-04-07,NY,Midday,4,28,87,33
2024-04-07,GA,Evening,9,32,83,75
2024-04-07,TN,Evening,1,65,26,29
2024-04-07,FL,Evening,7,9,32,88
2024-04-07,NY,Evening,4,4,9,50
2024-04-07,NJ,Evening,3,36,67,10
2024-04-07,GA,Night,2,35,18,30
2024-04-08,TN,Morning,6,4,83,41
2024-04-08,GA,Midday,6,41,62,86
2024-04-08,NJ,Midday,2,56,52,20
2024-04-08,TN,Midday,7,51,27,14
2024-04-08,FL,Midday,6,43,69,18
2024-04-08,NY,Midday,7,65,1,99
2024-04-08,GA,Evening,9,54,27,17
2024-04-08,TN,Evening,9,27,51,59
2024-04-08,FL,Evening,7,33,36,97
2024-04-08,NY,Evening,2,45,94,35
2024-04-08,NJ,Evening,5,42,66,32
2024-04-08,GA,Night,4,67,16,47
2024-04-09,TN,Morning,3,54,2,25
2024-04-09,GA,Midday,2,11,29,75
2024-04-09,NJ,Midday,4,27,74,82
2024-04-09,TN,Midday,0,62,12,38
2024-04-09,FL,Midday,1,35,18,15
2024-04-09,NY,Midday,7,18,23,30
2024-04-09,GA,Evening,4,48,93,24
2024-04-09,TN,Evening,9,23,53,68
2024-04-09,FL,Evening,7,54,67,87
2024-04-09,NY,Evening,6,71,90,78
2024-04-09,NJ,Evening,8,38,24,59
2024-04-09,GA,Night,8,37,81,96
2024-04-10,TN,Morning,6,68,9,37
2024-04-10,GA,Midday,1,82,25,25
2024-04-10,NJ,Midday,8,87,65,7
2024-04-10,TN,Midday,0,43,60,52
2024-04-10,FL,Midday,7,84,49,30
2024-04-10,NY,Midday,8,81,92,29
2024-04-10,GA,Evening,5,94,36,24
2024-04-10,TN,Evening,0,15,75,96
2024-04-10,FL,Evening,9,95,35,39
2024-04-10,NY,Evening,2,66,22,7
2024-04-10,NJ,Evening,1,22,76,57
2024-04-10,GA,Night,1,80,38,56
2024-04-11,TN,Morning,4,79,66,77
2024-04-11,GA,Midday,2,87,93,3
2024-04-11,NJ,Midday,3,33,62,0
2024-04-11,TN,Midday,0,16,51,71
2024-04-11,FL,Midday,5,25,49,33
2024-04-11,NY,Midday,6,27,92,93
2024-04-11,GA,Evening,2,31,41,90
2024-04-11,TN,Evening,9,73,6,10
2024-04-11,FL,Evening,5,54,23,63
2024-04-11,NY,Evening,4,80,72,80
2024-04-11,NJ,Evening,0,78,3,78
2024-04-11,GA,Night,6,20,70,97
2024-04-12,TN,Morning,5,48,63,53
2024-04-12,GA,Midday,9,10,57,0
2024-04-12,NJ,Midday,0,70,42,75
2024-04-12,TN,Midday,6,18,58,0
2024-04-12,FL,Midday,9,51,42,95
2024-04-12,NY,Midday,3,57,4,21
2024-04-12,GA,Evening,1,21,87,59
2024-04-12,TN,Evening,1,36,55,87
2024-04-12,FL,Evening,1,22,11,73
2024-04-12,NY,Evening,4,0,89,61
2024-04-12,NJ,Evening,9,1,62,31
2024-04-12,GA,Night,4,72,62,77
2024-04-13,TN,Morning,0,2,68,13
2024-04-13,GA,Midday,3,83,34,6
2024-04-13,NJ,Midday,7,58,36,46
2024-04-13,TN,Midday,6,58,19,80
2024-04-13,FL,Midday,3,73,37,55
2024-04-13,NY,Midday,3,92,44,58
2024-04-13,GA,Evening,0,25,77,21
2024-04-13,TN,Evening,3,57,61,45
2024-04-13,FL,Evening,8,67,55,27
2024-04-13,NY,Evening,5,74,34,76
2024-04-13,NJ,Evening,4,49,9,36
2024-04-13,GA,Night,1,53,7,64
2024-04-14,GA,Midday,0,33,68,81
2024-04-14,NJ,Midday,3,49,82,24
2024-04-14,FL,Midday,7,1,25,0
2024-04-14,NY,Midday,4,28,35,52
2024-04-14,GA,Evening,4,4,36,81
2024-04-14,TN,Evening,7,55,42,59
2024-04-14,FL,Evening,6,69,19,7
2024-04-14,NY,Evening,6,95,37,40
2024-04-14,NJ,Evening,4,18,83,7
2024-04-14,GA,Night,4,85,45,5
2024-04-15,TN,Morning,2,18,9,19
2024-04-15,GA,Midday,4,65,5,85
2024-04-15,NJ,Midday,8,95,10,23
2024-04-15,TN,Midday,4,8,74,72
2024-04-15,FL,Midday,6,0,18,65
2024-04-15,NY,Midday,6,33,54,21
2024-04-15,GA,Evening,2,38,50,69
2024-04-15,TN,Evening,3,92,69,88
2024-04-15,FL,Evening,8,43,95,57
2024-04-15,NY,Evening,2,14,96,24
2024-04-15,NJ,Evening,1,71,22,41
2024-04-15,GA,Night,1,44,40,26
2024-04-16,TN,Morning,0,34,50,91
2024-04-16,GA,Midday,9,10,32,71
2024-04-16,NJ,Midday,6,49,86,27
2024-04-16,TN,Midday,4,87,63,22
2024-04-16,FL,Midday,4,11,85,22
2024-04-16,NY,Midday,7,16,81,32
2024-04-16,GA,Evening,9,24,22,65
2024-04-16,TN,Evening,2,83,65,7
2024-04-16,FL,Evening,6,54,61,17
2024-04-16,NY,Evening,8,68,23,88
2024-04-16,NJ,Evening,4,38,16,11
2024-04-16,GA,Night,8,59,18,92
2024-04-17,TN,Morning,7,48,59,3
2024-04-17,GA,Midday,9,49,97,51
2024-04-17,NJ,Midday,6,88,44,45
2024-04-17,TN,Midday,4,12,13,78
2024-04-17,FL,Midday,5,97,49,6
2024-04-17,NY,Midday,7,55,74,36
2024-04-17,GA,Evening,2,17,11,39
2024-04-17,TN,Evening,7,44,57,65
2024-04-17,FL,Evening,4,59,79,98
2024-04-17,NY,Evening,2,39,57,76
2024-04-17,NJ,Evening,7,55,40,10
2024-04-17,GA,Night,0,18,34,30
2024-04-18,TN,Morning,1,14,98,63
2024-04-18,GA,Midday,6,6,64,0
2024-04-18,NJ,Midday,9,21,1,45
2024-04-18,TN,Midday,7,17,77,85
2024-04-18,FL,Midday,2,33,7,1
2024-04-18,NY,Midday,6,91,1,96
2024-04-18,GA,Evening,8,47,88,23
2024-04-18,TN,Evening,0,66,23,10
2024-04-18,FL,Evening,4,61,42,74
2024-04-18,NY,Evening,4,42,59,18
2024-04-18,NJ,Evening,1,31,1,63
2024-04-18,GA,Night,4,39,59,1
2024-04-19,TN,Morning,5,52,41,40
2024-04-19,GA,Midday,7,89,54,5
2024-04-19,NJ,Midday,8,48,18,68
2024-04-19,TN,Midday,7,94,81,0
2024-04-19,FL,Midday,5,70,21,89
2024-04-19,NY,Midday,6,84,36,4
2024-04-19,GA,Evening,1,60,51,30
2024-04-19,TN,Evening,7,98,91,29
2024-04-19,FL,Evening,3,20,17,90
2024-04-19,NY,Evening,0,25,32,74
2024-04-19,NJ,Evening,0,28,91,16
2024-04-19,GA,Night,6,19,62,75
2024-04-20,TN,Morning,6,29,88,80
2024-04-20,GA,Midday,3,75,21,89
2024-04-20,NJ,Midday,4,24,15,37
2024-04-20,TN,Midday,8,81,30,91
2024-04-20,FL,Midday,6,80,73,66
2024-04-20,NY,Midday,2,51,24,2
2024-04-20,GA,Evening,9,22,53,24
2024-04-20,TN,Evening,4,76,68,81
2024-04-20,FL,Evening,7,3,54,4
2024-04-20,NY,Evening,9,70,47,80
2024-04-20,NJ,Evening,9,23,7,39
2024-04-20,GA,Night,0,2,32,76
2024-04-21,GA,Midday,7,97,24,98
2024-04-21,NJ,Midday,9,49,4,45
2024-04-21,FL,Midday,7,36,50,58
2024-04-21,NY,Midday,9,24,47,68
2024-04-21,GA,Evening,3,20,42,9
2024-04-21,TN,Evening,3,56,3,29
2024-04-21,FL,Evening,7,46,27,7
2024-04-21,NY,Evening,6,54,95,81
2024-04-21,NJ,Evening,6,10,95,33
2024-04-21,GA,Night,0,85,53,75
2024-04-22,TN,Morning,7,68,77,11
2024-04-22,GA,Midday,4,14,84,0
2024-04-22,NJ,Midday,1,88,91,82
2024-04-22,TN,Midday,3,68,6,99
2024-04-22,FL,Midday,3,11,42,51
2024-04-22,NY,Midday,7,96,75,28
2024-04-22,GA,Evening,3,68,16,9
2024-04-22,TN,Evening,2,38,54,2
2024-04-22,FL,Evening,4,10,75,54
2024-04-22,NY,Evening,6,0,95,26
2024-04-22,NJ,Evening,3,21,60,55
2024-04-22,GA,Night,9,90,96,63
2024-04-23,TN,Morning,1,39,95,4
2024-04-23,GA,Midday,2,23,24,93
2024-04-23,NJ,Midday,6,60,91,41
2024-04-23,TN,Midday,6,73,82,19
2024-04-23,FL,Midday,9,12,1,20
2024-04-23,NY,Midday,2,31,82,71
2024-04-23,GA,Evening,9,95,29,6
2024-04-23,TN,Evening,3,87,24,1
2024-04-23,FL,Evening,2,93,5,74
2024-04-23,NY,Evening,5,21,19,6
2024-04-23,NJ,Evening,4,10,24,54
2024-04-23,GA,Night,5,37,39,93
2024-04-24,TN,Morning,6,98,57,65
2024-04-24,GA,Midday,8,39,95,87
2024-04-24,NJ,Midday,1,16,46,16
2024-04-24,TN,Midday,5,73,51,47
2024-04-24,FL,Midday,4,1,79,58
2024-04-24,NY,Midday,4,66,35,70
2024-04-24,GA,Evening,5,26,27,18
2024-04-24,TN,Evening,2,78,66,12
2024-04-24,FL,Evening,3,93,25,76
2024-04-24,NY,Evening,9,97,66,83
2024-04-24,NJ,Evening,5,45,56,3
2024-04-24,GA,Night,0,97,90,81
2024-04-25,TN,Morning,3,71,36,5
2024-04-25,GA,Midday,5,34,7,21
2024-04-25,NJ,Midday,4,54,61,41
2024-04-25,TN,Midday,1,54,25,19
2024-04-25,FL,Midday,8,39,55,10
2024-04-25,NY,Midday,4,62,7,64
2024-04-25,GA,Evening,7,46,57,54
2024-04-25,TN,Evening,8,75,42,70
2024-04-25,FL,Evening,1,73,40,28
2024-04-25,NY,Evening,6,18,54,21
2024-04-25,NJ,Evening,3,82,89,25
2024-04-25,GA,Night,2,91,8,63
2024-04-26,TN,Morning,4,95,81,94
2024-04-26,GA,Midday,7,97,71,32
2024-04-26,NJ,Midday,9,11,88,94
2024-04-26,TN,Midday,4,26,2,28
2024-04-26,FL,Midday,3,81,23,11
2024-04-26,NY,Midday,4,78,75,81
2024-04-26,GA,Evening,8,11,15,79
2024-04-26,TN,Evening,1,64,7,0
2024-04-26,FL,Evening,2,77,70,64
2024-04-26,NY,Evening,3,69,67,47
2024-04-26,NJ,Evening,0,34,91,66
2024-04-26,GA,Night,3,60,96,74
2024-04-27,TN,Morning,2,96,91,58
2024-04-27,GA,Midday,6,73,79,52
2024-04-27,NJ,Midday,7,44,96,99
2024-04-27,TN,Midday,0,68,24,86
2024-04-27,FL,Midday,8,57,61,74
2024-04-27,NY,Midday,9,43,65,92
2024-04-27,GA,Evening,5,45,22,99
2024-04-27,TN,Evening,0,18,68,87
2024-04-27,FL,Evening,5,56,54,84
2024-04-27,NY,Evening,9,43,44,85
2024-04-27,NJ,Evening,6,15,85,11
2024-04-27,GA,Night,0,61,18,94
2024-04-28,GA,Midday,7,45,22,25
2024-04-28,NJ,Midday,1,10,27,89
2024-04-28,FL,Midday,4,34,87,55
2024-04-28,NY,Midday,9,33,68,94
2024-04-28,GA,Evening,7,31,74,76
2024-04-28,TN,Evening,2,82,74,37
2024-04-28,FL,Evening,1,97,41,70
2024-04-28,NY,Evening,9,45,10,12
2024-04-28,NJ,Evening,1,25,40,69
2024-04-28,GA,Night,1,43,86,1
2024-04-29,TN,Morning,8,81,79,46
2024-04-29,GA,Midday,8,36,91,79
2024-04-29,NJ,Midday,3,47,20,78
2024-04-29,TN,Midday,9,44,53,69
2024-04-29,FL,Midday,5,33,21,41
2024-04-29,NY,Midday,5,30,45,65
2024-04-29,GA,Evening,9,86,23,16
2024-04-29,TN,Evening,7,96,14,31
2024-04-29,FL,Evening,9,54,71,14
2024-04-29,NY,Evening,3,26,7,49
2024-04-29,NJ,Evening,2,41,57,41
2024-04-29,GA,Night,1,33,91,84
2024-04-30,TN,Morning,3,16,51,90
2024-04-30,GA,Midday,3,40,98,67
2024-04-30,NJ,Midday,3,68,91,18
2024-04-30,TN,Midday,8,51,0,61
2024-04-30,FL,Midday,2,6,81,51
2024-04-30,NY,Midday,8,96,91,35
2024-04-30,GA,Evening,4,17,99,79
2024-04-30,TN,Evening,8,41,9,25
2024-04-30,FL,Evening,1,5,32,87
2024-04-30,NY,Evening,6,12,91,2
2024-04-30,NJ,Evening,5,13,54,86
2024-04-30,GA,Night,1,95,13,52
2024-05-01,TN,Morning,7,43,33,28
2024-05-01,GA,Midday,4,67,52,64
2024-05-01,NJ,Midday,9,8,74,15
2024-05-01,TN,Midday,9,24,86,62
2024-05-01,FL,Midday,5,99,44,39
2024-05-01,NY,Midday,5,34,39,11
2024-05-01,GA,Evening,9,79,13,97
2024-05-01,TN,Evening,9,37,94,22
2024-05-01,FL,Evening,8,36,98,15
2024-05-01,NY,Evening,7,40,96,43
2024-05-01,NJ,Evening,6,36,96,2
2024-05-01,GA,Night,9,33,16,17
2024-05-02,TN,Morning,3,31,39,12
2024-05-02,GA,Midday,0,57,77,85
2024-05-02,NJ,Midday,0,46,67,59
2024-05-02,TN,Midday,7,49,58,49
2024-05-02,FL,Midday,8,1,31,25
2024-05-02,NY,Midday,6,29,23,55
2024-05-02,GA,Evening,9,13,0,73
2024-05-02,TN,Evening,9,13,99,49
2024-05-02,FL,Evening,7,68,77,42
2024-05-02,NY,Evening,0,59,15,35
2024-05-02,NJ,Evening,8,63,8,22
2024-05-02,GA,Night,9,59,89,13
2024-05-03,TN,Morning,7,61,82,73
2024-05-03,GA,Midday,9,79,83,68
2024-05-03,NJ,Midday,0,51,58,88
2024-05-03,TN,Midday,4,88,64,80
2024-05-03,FL,Midday,0,78,25,56
2024-05-03,NY,Midday,3,83,35,36
2024-05-03,GA,Evening,2,16,44,63
2024-05-03,TN,Evening,4,41,96,23
2024-05-03,FL,Evening,9,50,17,30
2024-05-03,NY,Evening,1,62,0,74
2024-05-03,NJ,Evening,3,63,69,26
2024-05-03,GA,Night,4,24,34,6
2024-05-04,TN,Morning,0,72,5,41
2024-05-04,GA,Midday,5,49,21,4
2024-05-04,NJ,Midday,6,29,15,46
2024-05-04,TN,Midday,3,45,76,14
2024-05-04,FL,Midday,8,31,37,29
2024-05-04,NY,Midday,7,87,42,92
2024-05-04,GA,Evening,7,48,16,51
2024-05-04,TN,Evening,7,31,79,54
2024-05-04,FL,Evening,7,68,77,95
2024-05-04,NY,Evening,9,5,19,43
2024-05-04,NJ,Evening,0,55,56,58
2024-05-04,GA,Night,8,12,12,71
2024-05-05,GA,Midday,2,52,94,83
2024-05-05,NJ,Midday,7,64,84,39
2024-05-05,FL,Midday,7,19,3,56
2024-05-05,NY,Midday,5,76,6,22
2024-05-05,GA,Evening,2,58,28,42
2024-05-05,TN,Evening,8,64,55,59
2024-05-05,FL,Evening,0,41,25,77
2024-05-05,NY,Evening,3,45,71,26
2024-05-05,NJ,Evening,0,26,13,27
2024-05-05,GA,Night,2,96,90,34
2024-05-06,TN,Morning,4,36,80,99
2024-05-06,GA,Midday,7,58,83,17
2024-05-06,NJ,Midday,1,5,33,37
2024-05-06,TN,Midday,7,77,20,41
2024-05-06,FL,Midday,8,55,21,7
2024-05-06,NY,Midday,8,53,77,90
2024-05-06,GA,Evening,6,18,83,80
2024-05-06,TN,Evening,7,36,63,57
2024-05-06,FL,Evening,1,30,37,45
2024-05-06,NY,Evening,8,54,79,70
2024-05-06,NJ,Evening,4,54,90,20
2024-05-06,GA,Night,8,20,81,59
2024-05-07,TN,Morning,8,39,77,30
2024-05-07,GA,Midday,1,91,19,91
2024-05-07,NJ,Midday,0,15,39,40
2024-05-07,TN,Midday,4,13,79,15
2024-05-07,FL,Midday,5,35,13,62
2024-05-07,NY,Midday,6,73,25,86
2024-05-07,GA,Evening,7,95,98,37
2024-05-07,TN,Evening,0,3,19,27
2024-05-07,FL,Evening,4,31,95,95
2024-05-07,NY,Evening,3,69,88,79
2024-05-07,NJ,Evening,5,21,71,85
2024-05-07,GA,Night,8,59,76,24
2024-05-08,TN,Morning,2,64,67,33
2024-05-08,GA,Midday,2,94,39,25
2024-05-08,NJ,Midday,6,24,50,43
2024-05-08,TN,Midday,2,88,53,24
2024-05-08,FL,Midday,7,60,28,7
2024-05-08,NY,Midday,0,0,97,1
2024-05-08,GA,Evening,4,19,71,13
2024-05-08,TN,Evening,4,59,27,29
2024-05-08,FL,Evening,7,83,11,17
2024-05-08,NY,Evening,5,45,54,48
2024-05-08,NJ,Evening,7,51,85,66
2024-05-08,GA,Night,7,51,31,90
2024-05-09,TN,Morning,9,40,60,29
2024-05-09,GA,Midday,1,51,84,21
2024-05-09,NJ,Midday,4,66,80,89
2024-05-09,TN,Midday,1,38,77,30
2024-05-09,FL,Midday,2,7,84,46
2024-05-09,NY,Midday,2,2,1,6
2024-05-09,GA,Evening,2,82,86,92
2024-05-09,TN,Evening,1,45,85,6
2024-05-09,FL,Evening,5,73,43,71
2024-05-09,NY,Evening,7,57,11,24
2024-05-09,NJ,Evening,7,86,54,11
2024-05-09,GA,Night,1,15,11,10
2024-05-10,TN,Morning,7,33,35,77
2024-05-10,GA,Midday,7,42,95,7
2024-05-10,NJ,Midday,3,47,17,60
2024-05-10,TN,Midday,6,45,30,69
2024-05-10,FL,Midday,3,15,16,64
2024-05-10,NY,Midday,5,39,34,25
2024-05-10,GA,Evening,9,33,56,34
2024-05-10,TN,Evening,5,25,40,43
2024-05-10,FL,Evening,4,95,35,39
2024-05-10,NY,Evening,2,62,92,23
2024-05-10,NJ,Evening,4,79,39,52
2024-05-10,GA,Night,8,66,68,8
2024-05-11,TN,Morning,2,28,17,34
2024-05-11,GA,Midday,3,79,48,7
2024-05-11,NJ,Midday,1,91,37,18
2024-05-11,TN,Midday,2,34,74,35
2024-05-11,FL,Midday,1,32,65,1
2024-05-11,NY,Midday,7,6,84,40
2024-05-11,GA,Evening,2,48,46,54
2024-05-11,TN,Evening,3,66,78,82
2024-05-11,FL,Evening,5,82,5,3
2024-05-11,NY,Evening,3,98,36,69
2024-05-11,NJ,Evening,0,4,26,21
2024-05-11,GA,Night,9,1,52,12
2024-05-12,GA,Midday,2,42,86,63
2024-05-12,NJ,Midday,9,33,7,95
2024-05-12,FL,Midday,2,3,39,82
2024-05-12,NY,Midday,4,33,79,8
2024-05-12,GA,Evening,1,28,5,95
2024-05-12,TN,Evening,5,82,75,74
2024-05-12,FL,Evening,8,95,82,62
2024-05-12,NY,Evening,1,35,24,39
2024-05-12,NJ,Evening,8,75,74,37
2024-05-12,GA,Night,3,0,62,80
2024-05-13,TN,Morning,5,71,95,5
2024-05-13,GA,Midday,5,7,30,66
2024-05-13,NJ,Midday,7,25,52,45
2024-05-13,TN,Midday,6,86,1,7
2024-05-13,FL,Midday,2,74,9,67
2024-05-13,NY,Midday,3,35,93,15
2024-05-13,GA,Evening,9,34,20,91
2024-05-13,TN,Evening,3,57,98,14
2024-05-13,FL,Evening,1,34,98,71
2024-05-13,NY,Evening,4,57,10,33
2024-05-13,NJ,Evening,7,65,98,24
2024-05-13,GA,Night,4,86,80,66
2024-05-14,TN,Morning,4,87,80,74
2024-05-14,GA,Midday,4,61,41,58
2024-05-14,NJ,Midday,2,16,66,28
2024-05-14,TN,Midday,8,42,49,70
2024-05-14,FL,Midday,4,58,97,49
2024-05-14,NY,Midday,0,29,26,34
2024-05-14,GA,Evening,9,85,31,94
2024-05-14,TN,Evening,4,32,98,2
2024-05-14,FL,Evening,1,88,67,35
2024-05-14,NY,Evening,2,95,91,37
2024-05-14,NJ,Evening,4,94,27,98
2024-05-14,GA,Night,6,34,25,0
2024-05-15,TN,Morning,4,76,95,95
2024-05-15,GA,Midday,9,36,78,62
2024-05-15,NJ,Midday,0,57,45,71
2024-05-15,TN,Midday,4,82,23,69
2024-05-15,FL,Midday,4,93,56,53
2024-05-15,NY,Midday,0,51,98,62
2024-05-15,GA,Evening,5,73,54,21
2024-05-15,TN,Evening,9,72,70,91
2024-05-15,FL,Evening,7,38,7,33
2024-05-15,NY,Evening,6,99,24,5
2024-05-15,NJ,Evening,7,62,78,88
2024-05-15,GA,Night,9,94,39,87
2024-05-16,TN,Morning,8,1,58,55
2024-05-16,GA,Midday,9,14,65,89
2024-05-16,NJ,Midday,9,10,78,21
2024-05-16,TN,Midday,5,6,90,83
2024-05-16,FL,Midday,3,14,6,18
2024-05-16,NY,Midday,8,22,53,25
2024-05-16,GA,Evening,5,28,35,84
2024-05-16,TN,Evening,3,99,68,18
2024-05-16,FL,Evening,6,91,60,79
2024-05-16,NY,Evening,6,57,82,81
2024-05-16,NJ,Evening,1,95,88,3
2024-05-16,GA,Night,1,71,29,98
2024-05-17,TN,Morning,6,98,4,3
2024-05-17,GA,Midday,9,80,10,15
2024-05-17,NJ,Midday,9,43,2,62
2024-05-17,TN,Midday,0,51,8,31
2024-05-17,FL,Midday,4,22,21,92
2024-05-17,NY,Midday,3,62,50,19
2024-05-17,GA,Evening,8,41,88,16
2024-05-17,TN,Evening,3,96,24,31
2024-05-17,FL,Evening,0,58,6,4
2024-05-17,NY,Evening,1,39,34,71
2024-05-17,NJ,Evening,1,43,46,86
2024-05-17,GA,Night,5,57,63,1
2024-05-18,TN,Morning,9,75,93,53
2024-05-18,GA,Midday,2,14,12,75
2024-05-18,NJ,Midday,9,97,23,60
2024-05-18,TN,Midday,7,1,52,51
2024-05-18,FL,Midday,3,25,28,27
2024-05-18,NY,Midday,4,84,20,63
2024-05-18,GA,Evening,0,23,95,31
2024-05-18,TN,Evening,6,35,99,52
2024-05-18,FL,Evening,4,6,35,86
2024-05-18,NY,Evening,8,30,81,70
2024-05-18,NJ,Evening,0,81,30,86
2024-05-18,GA,Night,8,12,68,61
2024-05-19,GA,Midday,9,86,88,0
2024-05-19,NJ,Midday,6,71,43,84
2024-05-19,FL,Midday,2,10,70,36
2024-05-19,NY,Midday,8,0,7,88
2024-05-19,GA,Evening,0,46,9,99
2024-05-19,TN,Evening,6,36,36,14
2024-05-19,FL,Evening,5,4,19,64
2024-05-19,NY,Evening,0,53,89,1
2024-05-19,NJ,Evening,6,17,93,83
2024-05-19,GA,Night,1,52,20,40
2024-05-20,TN,Morning,7,73,50,23
2024-05-20,GA,Midday,6,40,58,38
2024-05-20,NJ,Midday,7,19,38,16
2024-05-20,TN,Midday,3,89,45,80
2024-05-20,FL,Midday,7,79,32,71
2024-05-20,NY,Midday,9,48,54,25
2024-05-20,GA,Evening,0,91,50,64
2024-05-20,TN,Evening,9,12,54,66
2024-05-20,FL,Evening,1,30,37,0
2024-05-20,NY,Evening,5,6,25,31
2024-05-20,NJ,Evening,4,77,18,65
2024-05-20,GA,Night,4,13,13,89
2024-05-21,TN,Morning,5,46,58,88
2024-05-21,GA,Midday,8,93,63,28
2024-05-21,NJ,Midday,4,79,55,1
2024-05-21,TN,Midday,0,72,71,47
2024-05-21,FL,Midday,8,1,48,27
2024-05-21,NY,Midday,2,21,7,59
2024-05-21,GA,Evening,4,73,80,43
2024-05-21,TN,Evening,8,89,86,85
2024-05-21,FL,Evening,4,38,56,21
2024-05-21,NY,Evening,6,61,14,56
2024-05-21,NJ,Evening,3,41,24,27
2024-05-21,GA,Night,6,38,37,12
2024-05-22,TN,Morning,8,23,3,62
2024-05-22,GA,Midday,5,57,89,38
2024-05-22,NJ,Midday,5,65,10,37
2024-05-22,TN,Midday,8,99,29,51
2024-05-22,FL,Midday,5,53,89,43
2024-05-22,NY,Midday,1,43,12,54
2024-05-22,GA,Evening,7,30,35,27
2024-05-22,TN,Evening,0,51,51,99
2024-05-22,FL,Evening,8,13,35,9
2024-05-22,NY,Evening,1,67,79,78
2024-05-22,NJ,Evening,1,99,88,62
2024-05-22,GA,Night,3,99,94,13
2024-05-23,TN,Morning,8,68,37,61
2024-05-23,GA,Midday,2,61,87,8
2024-05-23,NJ,Midday,0,81,9,74
2024-05-23,TN,Midday,1,52,1,48
2024-05-23,FL,Midday,0,85,62,29
2024-05-23,NY,Midday,5,55,16,57
2024-05-23,GA,Evening,7,39,59,44
2024-05-23,TN,Evening,2,76,22,35
2024-05-23,FL,Evening,4,92,22,63
2024-05-23,NY,Evening,7,72,31,29
2024-05-23,NJ,Evening,3,85,32,92
2024-05-23,GA,Night,7,57,42,85
2024-05-24,TN,Morning,4,93,66,69
2024-05-24,GA,Midday,1,35,70,30
2024-05-24,NJ,Midday,7,43,96,81
2024-05-24,TN,Midday,3,57,54,76
2024-05-24,FL,Midday,0,93,16,28
2024-05-24,NY,Midday,8,89,9,23
2024-05-24,GA,Evening,5,92,33,15
2024-05-24,TN,Evening,6,30,63,58
2024-05-24,FL,Evening,3,10,82,6
2024-05-24,NY,Evening,6,54,76,82
2024-05-24,NJ,Evening,6,66,41,39
2024-05-24,GA,Night,7,77,78,25
2024-05-25,TN,Morning,3,77,15,54
2024-05-25,GA,Midday,8,64,71,79
2024-05-25,NJ,Midday,3,13,41,92
2024-05-25,TN,Midday,6,94,56,4
2024-05-25,FL,Midday,8,52,20,68
2024-05-25,NY,Midday,1,39,65,99
2024-05-25,GA,Evening,6,43,14,10
2024-05-25,TN,Evening,8,84,74,48
2024-05-25,FL,Evening,1,16,67,26
2024-05-25,NY,Evening,0,79,11,23
2024-05-25,NJ,Evening,0,60,92,99
2024-05-25,GA,Night,1,25,41,83
2024-05-26,GA,Midday,2,96,94,61
2024-05-26,NJ,Midday,1,80,60,76
2024-05-26,FL,Midday,0,39,45,28
2024-05-26,NY,Midday,8,25,46,88
2024-05-26,GA,Evening,2,36,36,16
2024-05-26,TN,Evening,5,43,52,45
2024-05-26,FL,Evening,8,28,12,9
2024-05-26,NY,Evening,5,0,42,69
2024-05-26,NJ,Evening,6,37,54,83
2024-05-26,GA,Night,6,97,14,30
2024-05-27,TN,Morning,2,44,33,59
2024-05-27,GA,Midday,2,71,79,73
2024-05-27,NJ,Midday,2,3,50,82
2024-05-27,TN,Midday,9,68,41,72
2024-05-27,FL,Midday,0,81,74,78
2024-05-27,NY,Midday,1,34,50,5
2024-05-27,GA,Evening,8,33,23,84
2024-05-27,TN,Evening,0,98,44,40
2024-05-27,FL,Evening,6,73,33,26
2024-05-27,NY,Evening,6,10,70,13
2024-05-27,NJ,Evening,5,28,21,57
2024-05-27,GA,Night,9,20,58,14
2024-05-28,TN,Morning,1,53,86,50
2024-05-28,GA,Midday,7,9,96,40
2024-05-28,NJ,Midday,8,48,22,88
2024-05-28,TN,Midday,7,29,90,59
2024-05-28,FL,Midday,3,13,53,35
2024-05-28,NY,Midday,3,99,26,18
2024-05-28,GA,Evening,9,95,6,76
2024-05-28,TN,Evening,9,95,38,88
2024-05-28,FL,Evening,3,62,20,28
2024-05-28,NY,Evening,7,75,40,17
2024-05-28,NJ,Evening,0,36,6,35
2024-05-28,GA,Night,5,48,21,2
2024-05-29,TN,Morning,9,49,24,65
2024-05-29,GA,Midday,7,7,85,53
2024-05-29,NJ,Midday,5,99,6,83
2024-05-29,TN,Midday,3,19,20,17
2024-05-29,FL,Midday,6,22,96,10
2024-05-29,NY,Midday,7,88,98,19
2024-05-29,GA,Evening,4,79,67,68
2024-05-29,TN,Evening,5,26,87,66
2024-05-29,FL,Evening,5,19,26,27
2024-05-29,NY,Evening,8,10,53,70
2024-05-29,NJ,Evening,2,63,21,82
2024-05-29,GA,Night,4,11,17,56
2024-05-30,TN,Morning,7,44,98,65
2024-05-30,GA,Midday,0,69,50,5
2024-05-30,NJ,Midday,6,58,36,55
2024-05-30,TN,Midday,1,81,41,29
2024-05-30,FL,Midday,4,43,23,25
2024-05-30,NY,Midday,5,16,87,87
2024-05-30,GA,Evening,8,16,65,7
2024-05-30,TN,Evening,1,93,88,25
2024-05-30,FL,Evening,0,46,64,21
2024-05-30,NY,Evening,9,82,91,30
2024-05-30,NJ,Evening,4,21,43,76
2024-05-30,GA,Night,8,90,8,93
2024-05-31,TN,Morning,2,44,93,47
2024-05-31,GA,Midday,7,65,27,73
2024-05-31,NJ,Midday,0,52,33,97
2024-05-31,TN,Midday,0,12,66,91
2024-05-31,FL,Midday,7,83,23,60
2024-05-31,NY,Midday,8,23,8,0
2024-05-31,GA,Evening,2,42,21,73
2024-05-31,TN,Evening,9,55,52,24
2024-05-31,FL,Evening,1,28,36,34
2024-05-31,NY,Evening,2,23,31,63
2024-05-31,NJ,Evening,6,43,55,96
2024-05-31,GA,Night,7,58,6,95
2024-06-01,TN,Morning,7,13,25,48
2024-06-01,GA,Midday,9,76,20,85
2024-06-01,NJ,Midday,1,2,6,11
2024-06-01,TN,Midday,0,12,78,29
2024-06-01,FL,Midday,0,56,73,88
2024-06-01,NY,Midday,1,81,10,27
2024-06-01,GA,Evening,1,61,75,97
2024-06-01,TN,Evening,8,26,91,7
2024-06-01,FL,Evening,0,62,88,36
2024-06-01,NY,Evening,5,72,23,57
2024-06-01,NJ,Evening,8,70,15,34
2024-06-01,GA,Night,3,27,1,33
2024-06-02,GA,Midday,1,46,1,28
2024-06-02,NJ,Midday,9,50,28,60
2024-06-02,FL,Midday,8,83,14,20
2024-06-02,NY,Midday,6,97,36,56
2024-06-02,GA,Evening,5,22,48,23
2024-06-02,TN,Evening,4,36,93,35
2024-06-02,FL,Evening,1,41,10,86
2024-06-02,NY,Evening,3,78,50,31
2024-06-02,NJ,Evening,2,42,42,53
2024-06-02,GA,Night,9,96,42,49
2024-06-03,TN,Morning,7,18,20,99
2024-06-03,GA,Midday,3,5,69,85
2024-06-03,NJ,Midday,6,49,23,30
2024-06-03,TN,Midday,1,78,36,70
2024-06-03,FL,Midday,2,75,14,3
2024-06-03,NY,Midday,3,27,59,48
2024-06-03,GA,Evening,0,53,83,59
2024-06-03,TN,Evening,1,36,94,48
2024-06-03,FL,Evening,4,75,1,7
2024-06-03,NY,Evening,7,6,16,87
2024-06-03,NJ,Evening,7,33,43,33
2024-06-03,GA,Night,5,36,85,20
2024-06-04,TN,Morning,8,56,29,84
2024-06-04,GA,Midday,5,75,14,26
2024-06-04,NJ,Midday,3,42,50,29
2024-06-04,TN,Midday,9,61,68,20
2024-06-04,FL,Midday,1,98,52,53
2024-06-04,NY,Midday,8,70,47,65
2024-06-04,GA,Evening,4,34,95,34
2024-06-04,TN,Evening,0,88,38,61
2024-06-04,FL,Evening,9,51,80,19
2024-06-04,NY,Evening,9,24,70,6
2024-06-04,NJ,Evening,0,87,44,24
2024-06-04,GA,Night,8,83,90,22
2024-06-05,TN,Morning,8,73,44,87
2024-06-05,GA,Midday,6,96,20,34
2024-06-05,NJ,Midday,0,14,86,62
2024-06-05,TN,Midday,7,7,98,60
2024-06-05,FL,Midday,6,0,43,59
2024-06-05,NY,Midday,0,26,89,6
2024-06-05,GA,Evening,4,69,10,36
2024-06-05,TN,Evening,9,68,86,37
2024-06-05,FL,Evening,4,63,40,62
2024-06-05,NY,Evening,4,76,22,40
2024-06-05,NJ,Evening,2,11,61,90
2024-06-05,GA,Night,2,1,92,13
2024-06-06,TN,Morning,0,35,26,9
2024-06-06,GA,Midday,0,37,4,71
2024-06-06,NJ,Midday,2,88,34,25
2024-06-06,TN,Midday,8,57,58,17
2024-06-06,FL,Midday,3,83,83,66
2024-06-06,NY,Midday,3,99,34,33
2024-06-06,GA,Evening,0,89,1,48
2024-06-06,TN,Evening,4,56,79,64
2024-06-06,FL,Evening,2,30,64,29
2024-06-06,NY,Evening,4,8,20,99
2024-06-06,NJ,Evening,7,93,10,37
2024-06-06,GA,Night,3,75,49,26
2024-06-07,TN,Morning,1,23,84,83
2024-06-07,GA,Midday,9,77,43,18
2024-06-07,NJ,Midday,5,43,73,86
2024-06-07,TN,Midday,9,47,31,58
2024-06-07,FL,Midday,3,24,7,61
2024-06-07,NY,Midday,8,17,25,17
2024-06-07,GA,Evening,9,63,45,83
2024-06-07,TN,Evening,7,20,63,12
2024-06-07,FL,Evening,7,55,57,71
2024-06-07,NY,Evening,4,76,83,82
2024-06-07,NJ,Evening,5,25,99,82
2024-06-07,GA,Night,3,19,50,49
2024-06-08,TN,Morning,4,52,22,60
2024-06-08,GA,Midday,3,10,96,58
2024-06-08,NJ,Midday,1,92,80,91
2024-06-08,TN,Midday,2,54,28,22
2024-06-08,FL,Midday,0,12,31,3
2024-06-08,NY,Midday,4,32,11,56
2024-06-08,GA,Evening,2,12,79,27
2024-06-08,TN,Evening,9,44,85,59
2024-06-08,FL,Evening,5,54,30,86
2024-06-08,NY,Evening,3,75,91,63
2024-06-08,NJ,Evening,7,77,32,7
2024-06-08,GA,Night,6,82,57,67
2024-06-09,GA,Midday,5,92,38,12
2024-06-09,NJ,Midday,4,72,47,73
2024-06-09,FL,Midday,6,79,81,86
2024-06-09,NY,Midday,9,68,47,41
2024-06-09,GA,Evening,5,51,93,52
2024-06-09,TN,Evening,6,36,63,61
2024-06-09,FL,Evening,3,71,31,46
2024-06-09,NY,Evening,3,26,52,54
2024-06-09,NJ,Evening,7,77,60,2
2024-06-09,GA,Night,8,3,74,99
2024-06-10,TN,Morning,2,63,11,1
2024-06-10,GA,Midday,9,85,37,61
2024-06-10,NJ,Midday,1,57,28,57
2024-06-10,TN,Midday,4,45,14,58
2024-06-10,FL,Midday,7,36,35,65
2024-06-10,NY,Midday,7,88,19,35
2024-06-10,GA,Evening,8,18,34,44
2024-06-10,TN,Evening,3,34,88,94
2024-06-10,FL,Evening,8,60,67,18
2024-06-10,NY,Evening,6,38,70,40
2024-06-10,NJ,Evening,4,43,77,60
2024-06-10,GA,Night,9,71,91,95
2024-06-11,TN,Morning,8,2,99,78
2024-06-11,GA,Midday,9,88,16,78
2024-06-11,NJ,Midday,4,80,39,12
2024-06-11,TN,Midday,1,37,51,80
2024-06-11,FL,Midday,9,22,81,67
2024-06-11,NY,Midday,5,30,35,92
2024-06-11,GA,Evening,6,54,14,55
2024-06-11,TN,Evening,3,75,46,63
2024-06-11,FL,Evening,7,40,46,18
2024-06-11,NY,Evening,4,97,91,88
2024-06-11,NJ,Evening,3,7,99,67
2024-06-11,GA,Night,0,41,32,84
2024-06-12,TN,Morning,5,30,64,95
2024-06-12,GA,Midday,4,21,49,70
2024-06-12,NJ,Midday,6,57,2,2
2024-06-12,TN,Midday,6,44,30,62
2024-06-12,FL,Midday,2,71,10,26
2024-06-12,NY,Midday,4,71,85,60
2024-06-12,GA,Evening,3,61,2,33
2024-06-12,TN,Evening,4,9,69,88
2024-06-12,NY,Evening,2,55,87,40
2024-06-12,GA,Night,3,65,0,39
2024-06-13,TN,Morning,6,90,23,75
2024-06-13,GA,Midday,9,47,24,59
2024-06-13,NJ,Midday,0,18,28,86
2024-06-13,TN,Midday,9,50,93,30
2024-06-13,FL,Midday,6,44,14,82
2024-06-13,NY,Midday,8,66,81,4
2024-06-13,GA,Evening,7,55,21,53
2024-06-13,TN,Evening,0,16,82,66
2024-06-13,NY,Evening,2,20,86,40
2024-06-13,GA,Night,3,6,72,18
2024-06-14,TN,Morning,5,41,83,74
2024-06-14,GA,Midday,1,18,8,14
2024-06-14,NJ,Midday,8,67,76,56
2024-06-14,TN,Midday,3,13,55,30
2024-06-14,FL,Midday,9,95,56,60
2024-06-14,NY,Midday,5,48,88,40
2024-06-14,GA,Evening,7,29,18,0
2024-06-14,TN,Evening,4,95,88,22
2024-06-14,NY,Evening,9,32,27,37
2024-06-14,GA,Night,2,40,75,94
2024-06-15,TN,Morning,7,46,92,42
2024-06-15,GA,Midday,6,39,60,28
2024-06-15,NJ,Midday,8,11,29,16
2024-06-15,TN,Midday,0,17,25,62
2024-06-15,FL,Midday,4,19,79,63
2024-06-15,NY,Midday,2,78,38,74
2024-06-15,GA,Evening,1,74,16,42
2024-06-15,TN,Evening,4,39,62,96
2024-06-15,NY,Evening,7,41,56,60
2024-06-15,GA,Night,2,8,44,35
2024-06-16,GA,Midday,7,75,93,75
2024-06-16,NJ,Midday,3,77,43,27
2024-06-16,FL,Midday,9,62,47,43
2024-06-16,NY,Midday,5,49,94,24
2024-06-16,GA,Evening,4,27,40,91
2024-06-16,TN,Evening,3,48,79,22
2024-06-16,NY,Evening,9,65,48,20
2024-06-16,GA,Night,7,38,13,87
2024-06-17,TN,Morning,1,53,85,8
2024-06-17,GA,Midday,7,48,25,75
2024-06-17,NJ,Midday,9,71,82,89
2024-06-17,TN,Midday,8,77,8,73
2024-06-17,FL,Midday,8,13,23,60
2024-06-17,NY,Midday,7,51,58,46
2024-06-17,GA,Evening,2,24,82,18
2024-06-17,TN,Evening,6,32,4,42
2024-06-17,NY,Evening,4,18,63,84
2024-06-17,GA,Night,7,99,55,55
2024-06-18,TN,Morning,1,21,77,95
2024-06-18,GA,Midday,6,94,98,68
2024-06-18,NJ,Midday,3,88,41,8
2024-06-18,TN,Midday,5,58,43,4
2024-06-18,FL,Midday,5,41,70,36
2024-06-18,NY,Midday,3,36,32,2
2024-06-18,GA,Evening,0,1,3,25
2024-06-18,TN,Evening,5,21,1,49
2024-06-18,NY,Evening,3,25,83,92
2024-06-18,GA,Night,5,8,46,48
2024-06-19,TN,Morning,4,19,70,75
2024-06-19,GA,Midday,0,28,25,31
2024-06-19,NJ,Midday,5,21,35,84
2024-06-19,TN,Midday,1,47,46,86
2024-06-19,FL,Midday,5,71,49,0
2024-06-19,NY,Midday,9,3,23,10
2024-06-19,GA,Evening,3,50,33,77
2024-06-19,TN,Evening,6,52,89,87
2024-06-19,FL,Evening,5,67,67,95
2024-06-19,NY,Evening,9,62,3,92
2024-06-19,NJ,Evening,7,50,78,93
2024-06-19,GA,Night,6,53,32,36
2024-06-20,TN,Morning,4,19,53,12
2024-06-20,GA,Midday,2,1,95,33
2024-06-20,NJ,Midday,9,10,12,90
2024-06-20,TN,Midday,7,53,37,78
2024-06-20,FL,Midday,6,48,76,25
2024-06-20,NY,Midday,0,88,36,28
2024-06-20,GA,Evening,9,11,50,11
2024-06-20,TN,Evening,2,4,21,72
2024-06-20,FL,Evening,9,31,3,75
2024-06-20,NY,Evening,8,97,61,85
2024-06-20,NJ,Evening,6,43,21,28
2024-06-20,GA,Night,4,55,42,25
2024-06-21,GA,Midday,7,43,48,54
2024-06-21,NJ,Midday,8,90,5,72
2024-06-21,TN,Midday,0,75,45,10
2024-06-21,FL,Midday,8,26,88,17
2024-06-21,NY,Midday,1,73,84,95
2024-06-21,GA,Evening,7,44,94,77
2024-06-21,TN,Evening,7,8,45,94
2024-06-21,NY,Evening,1,36,7,11
2024-06-21,NJ,Evening,1,85,20,32
2024-06-21,GA,Night,4,11,52,57
2024-06-22,TN,Morning,5,34,26,22
2024-06-22,GA,Midday,7,40,21,42
2024-06-22,NJ,Midday,7,73,96,58
2024-06-22,TN,Midday,5,91,58,87
2024-06-22,FL,Midday,9,31,79,70
2024-06-22,NY,Midday,8,63,39,66
2024-06-22,GA,Evening,4,56,47,59
2024-06-22,TN,Evening,1,24,59,23
2024-06-22,FL,Evening,3,65,10,55
2024-06-22,NY,Evening,1,58,56,36
2024-06-22,NJ,Evening,9,31,89,52
2024-06-22,GA,Night,6,38,72,51
2024-06-23,GA,Midday,1,37,91,8
2024-06-23,NJ,Midday,5,3,21,71
2024-06-23,FL,Midday,2,55,33,85
2024-06-23,NY,Midday,2,16,52,48
2024-06-23,GA,Evening,6,60,43,41
2024-06-23,TN,Evening,7,10,39,37
2024-06-23,FL,Evening,0,93,1,59
2024-06-23,NY,Evening,3,60,6,59
2024-06-23,NJ,Evening,4,35,44,29
2024-06-23,GA,Night,2,68,20,42
2024-06-24,TN,Morning,7,64,12,55
2024-06-24,GA,Midday,9,87,23,17
2024-06-24,NJ,Midday,4,29,61,78
2024-06-24,TN,Midday,7,94,63,37
2024-06-24,FL,Midday,4,44,96,57
2024-06-24,NY,Midday,1,27,89,89
2024-06-24,GA,Evening,3,5,3,52
2024-06-24,TN,Evening,7,13,31,48
2024-06-24,NY,Evening,0,54,12,34
2024-06-24,NJ,Evening,0,82,21,9
2024-06-24,GA,Night,5,89,60,11
2024-06-25,TN,Morning,8,3,51,19
2024-06-25,GA,Midday,0,3,78,62
2024-06-25,NJ,Midday,3,67,86,47
2024-06-25,TN,Midday,0,40,69,84
2024-06-25,FL,Midday,8,15,25,82
2024-06-25,NY,Midday,6,5,24,75
2024-06-25,GA,Evening,4,71,78,68
2024-06-25,TN,Evening,3,82,65,65
2024-06-25,FL,Evening,8,92,23,9
2024-06-25,NY,Evening,9,81,86,78
2024-06-25,NJ,Evening,9,63,94,34
2024-06-25,GA,Night,6,88,71,1
2024-06-26,TN,Morning,6,88,24,38
2024-06-26,GA,Midday,2,60,93,61
2024-06-26,NJ,Midday,3,41,21,23
2024-06-26,TN,Midday,0,88,99,61
2024-06-26,FL,Midday,9,24,14,90
2024-06-26,NY,Midday,1,56,67,32
2024-06-26,GA,Evening,7,89,31,79
2024-06-26,TN,Evening,0,77,5,33
2024-06-26,FL,Evening,6,66,34,77
2024-06-26,NY,Evening,1,28,95,78
2024-06-26,NJ,Evening,3,79,14,66
2024-06-26,GA,Night,8,16,65,34
2024-06-27,TN,Morning,6,24,97,60
2024-06-27,GA,Midday,5,9,9,8
2024-06-27,NJ,Midday,8,78,34,53
2024-06-27,TN,Midday,0,4,18,21
2024-06-27,FL,Midday,6,80,10,87
2024-06-27,NY,Midday,1,11,93,52
2024-06-27,GA,Evening,7,77,61,87
2024-06-27,TN,Evening,5,27,69,34
2024-06-27,FL,Evening,5,4,77,88
2024-06-27,NY,Evening,6,33,92,78
2024-06-27,NJ,Evening,1,80,25,34
2024-06-27,GA,Night,0,62,58,85
2024-06-28,TN,Morning,6,6,24,78
2024-06-28,GA,Midday,4,29,45,18
2024-06-28,NJ,Midday,8,50,53,25
2024-06-28,TN,Midday,8,24,11,96
2024-06-28,FL,Midday,1,34,89,46
2024-06-28,NY,Midday,4,10,43,59
2024-06-28,GA,Evening,8,91,78,36
2024-06-28,TN,Evening,8,12,41,22
2024-06-28,FL,Evening,4,64,73,3
2024-06-28,NY,Evening,2,82,67,91
2024-06-28,NJ,Evening,0,49,19,95
2024-06-28,GA,Night,3,2,36,32
2024-06-29,TN,Morning,7,69,83,99
2024-06-29,GA,Midday,0,36,41,97
2024-06-29,NJ,Midday,2,37,75,83
2024-06-29,TN,Midday,8,98,93,87
2024-06-29,FL,Midday,5,20,90,95
2024-06-29,NY,Midday,5,73,74,0
2024-06-29,GA,Evening,1,77,23,97
2024-06-29,NY,Evening,5,69,37,10
2024-06-29,NJ,Evening,6,85,37,69
2024-06-29,GA,Night,5,86,81,23
2024-06-30,GA,Midday,9,70,94,91
2024-06-30,NJ,Midday,6,60,9,40
2024-06-30,FL,Midday,5,80,86,21
2024-06-30,NY,Midday,4,82,34,90
2024-06-30,GA,Evening,7,71,9,80
2024-06-30,TN,Evening,7,93,32,78
2024-06-30,FL,Evening,4,2,24,44
2024-06-30,NY,Evening,7,50,87,78
2024-06-30,NJ,Evening,6,52,45,55
2024-06-30,GA,Night,1,35,9,72
2024-07-01,TN,Morning,5,17,12,42
2024-07-01,GA,Midday,7,57,31,99
2024-07-01,NJ,Midday,9,36,28,60
2024-07-01,TN,Midday,9,37,52,67
2024-07-01,FL,Midday,4,26,19,33
2024-07-01,NY,Midday,5,4,48,88
2024-07-01,GA,Evening,9,38,93,83
2024-07-01,TN,Evening,5,79,46,50
2024-07-01,FL,Evening,2,33,19,3
2024-07-01,NY,Evening,8,18,71,70
2024-07-01,NJ,Evening,1,11,25,90
2024-07-01,GA,Night,6,71,60,50
2024-07-02,TN,Morning,2,59,57,76
2024-07-02,GA,Midday,2,41,43,35
2024-07-02,NJ,Midday,2,10,93,48
2024-07-02,TN,Midday,0,1,89,66
2024-07-02,FL,Midday,7,87,84,57
2024-07-02,NY,Midday,3,77,74,29
2024-07-02,GA,Evening,2,20,76,58
2024-07-02,TN,Evening,6,78,1,40
2024-07-02,FL,Evening,2,14,24,69
2024-07-02,NY,Evening,7,42,7,75
2024-07-02,NJ,Evening,9,92,36,39
2024-07-02,GA,Night,7,74,70,98
2024-07-03,TN,Morning,5,40,33,94
2024-07-03,GA,Midday,3,48,86,83
2024-07-03,NJ,Midday,6,98,61,17
2024-07-03,TN,Midday,8,40,85,76
2024-07-03,FL,Midday,2,2,57,1
2024-07-03,NY,Midday,0,64,96,3
2024-07-03,GA,Evening,5,57,4,28
2024-07-03,TN,Evening,4,50,32,30
2024-07-03,NY,Evening,9,63,82,74
2024-07-03,NJ,Evening,1,36,99,36
2024-07-03,GA,Night,1,82,34,36
2024-07-04,TN,Morning,6,99,8,95
2024-07-04,GA,Midday,5,39,93,3
2024-07-04,NJ,Midday,0,65,62,82
2024-07-04,TN,Midday,4,29,22,28
2024-07-04,FL,Midday,4,3,62,16
2024-07-04,NY,Midday,4,72,26,44
2024-07-04,GA,Evening,3,36,38,20
2024-07-04,TN,Evening,0,48,50,96
2024-07-04,FL,Evening,5,17,13,78
2024-07-04,NY,Evening,3,50,81,10
2024-07-04,NJ,Evening,9,48,76,17
2024-07-04,GA,Night,3,52,60,47
2024-07-05,TN,Morning,9,31,34,63
2024-07-05,GA,Midday,2,31,83,28
2024-07-05,TN,Midday,4,50,43,95
2024-07-05,NY,Midday,5,63,91,28
2024-07-05,GA,Evening,4,36,36,79
2024-07-05,TN,Evening,8,54,80,97
2024-07-05,NY,Evening,2,82,77,10
2024-07-05,GA,Night,4,16,49,96
2024-07-06,GA,Midday,1,6,50,99
2024-07-06,NY,Midday,4,75,1,75
2024-07-06,GA,Evening,7,2,59,27
2024-07-06,NY,Evening,0,25,32,43
2024-07-06,GA,Night,5,5,10,60
2024-07-07,GA,Midday,8,27,54,26
2024-07-07,NJ,Midday,9,46,42,11
2024-07-07,FL,Midday,0,63,56,86
2024-07-07,NY,Midday,0,97,41,69
2024-07-07,GA,Evening,1,67,3,71
2024-07-07,TN,Evening,0,78,53,1
2024-07-07,NY,Evening,8,93,54,84
2024-07-07,NJ,Evening,9,93,57,21
2024-07-07,GA,Night,0,97,9,33
2024-07-08,TN,Morning,8,48,8,19
2024-07-08,GA,Midday,9,31,30,71
2024-07-08,NJ,Midday,0,95,85,42
2024-07-08,TN,Midday,0,6,21,19
2024-07-08,FL,Midday,8,85,64,31
2024-07-08,NY,Midday,5,61,19,19
2024-07-08,GA,Evening,0,83,25,0
2024-07-08,TN,Evening,3,38,18,33
2024-07-08,FL,Evening,1,59,42,1
2024-07-08,NY,Evening,9,77,19,82
2024-07-08,NJ,Evening,7,53,7,23
2024-07-08,GA,Night,4,34,9,17
2024-07-09,TN,Morning,4,21,72,31
2024-07-09,GA,Midday,0,97,12,67
2024-07-09,NJ,Midday,6,38,28,43
2024-07-09,TN,Midday,9,75,1,29
2024-07-09,FL,Midday,1,68,72,96
2024-07-09,NY,Midday,9,48,66,29
2024-07-09,GA,Evening,1,89,96,64
2024-07-09,TN,Evening,3,79,14,27
2024-07-09,FL,Evening,2,73,81,57
2024-07-09,NY,Evening,0,61,12,38
2024-07-09,NJ,Evening,4,11,57,19
2024-07-09,GA,Night,9,4,98,94
2024-07-10,TN,Morning,1,17,28,17
2024-07-10,GA,Midday,5,48,40,72
2024-07-10,NJ,Midday,0,20,76,34
2024-07-10,TN,Midday,8,2,0,90
2024-07-10,FL,Midday,9,21,73,99
2024-07-10,NY,Midday,1,77,87,24
2024-07-10,GA,Evening,6,86,32,59
2024-07-10,TN,Evening,0,42,7,56
2024-07-10,FL,Evening,4,16,67,20
2024-07-10,NY,Evening,4,77,68,70
2024-07-10,NJ,Evening,1,36,99,30
2024-07-10,GA,Night,9,83,50,93
2024-07-11,TN,Morning,5,16,76,58
2024-07-11,GA,Midday,4,28,38,85
2024-07-11,NJ,Midday,9,31,74,86
2024-07-11,TN,Midday,7,66,96,33
2024-07-11,FL,Midday,8,86,61,61
2024-07-11,NY,Midday,2,42,53,60
2024-07-11,GA,Evening,7,28,76,80
2024-07-11,TN,Evening,1,3,35,73
2024-07-11,FL,Evening,3,56,47,25
2024-07-11,NY,Evening,5,19,93,58
2024-07-11,NJ,Evening,9,84,75,35
2024-07-11,GA,Night,8,60,75,45
2024-07-12,TN,Morning,1,27,76,62
2024-07-12,GA,Midday,0,66,56,71
2024-07-12,NJ,Midday,9,1,40,36
2024-07-12,TN,Midday,6,84,87,44
2024-07-12,FL,Midday,2,22,74,93
2024-07-12,NY,Midday,4,82,20,83
2024-07-12,GA,Evening,4,28,67,32
2024-07-12,TN,Evening,8,13,24,57
2024-07-12,FL,Evening,4,77,12,1
2024-07-12,NY,Evening,5,26,45,37
2024-07-12,NJ,Evening,4,80,74,25
2024-07-12,GA,Night,4,59,55,25
2024-07-13,TN,Morning,5,99,66,56
2024-07-13,GA,Midday,8,91,83,33
2024-07-13,NJ,Midday,7,41,20,53
2024-07-13,TN,Midday,6,21,37,18
2024-07-13,FL,Midday,3,43,79,54
2024-07-13,NY,Midday,7,59,10,53
2024-07-13,GA,Evening,2,52,53,17
2024-07-13,TN,Evening,3,88,25,59
2024-07-13,FL,Evening,1,56,68,16
2024-07-13,NY,Evening,4,76,31,34
2024-07-13,NJ,Evening,0,63,24,95
2024-07-13,GA,Night,8,74,89,81
2024-07-14,GA,Midday,8,30,45,96
2024-07-14,NJ,Midday,4,60,46,41
2024-07-14,FL,Midday,3,60,10,2
2024-07-14,NY,Midday,3,11,55,77
2024-07-14,GA,Evening,8,73,46,31
2024-07-14,TN,Evening,5,26,27,84
2024-07-14,FL,Evening,9,20,66,48
2024-07-14,NY,Evening,3,17,42,54
2024-07-14,NJ,Evening,7,4,75,53
2024-07-14,GA,Night,5,10,77,18
2024-07-15,TN,Morning,9,17,28,22
2024-07-15,GA,Midday,7,61,33,57
2024-07-15,NJ,Midday,0,15,69,84
2024-07-15,TN,Midday,2,88,41,14
2024-07-15,FL,Midday,5,37,48,92
2024-07-15,NY,Midday,1,44,17,26
2024-07-15,GA,Evening,7,29,63,68
2024-07-15,TN,Evening,9,23,90,59
2024-07-15,FL,Evening,1,19,94,70
2024-07-15,NY,Evening,7,83,86,35
2024-07-15,NJ,Evening,8,64,29,41
2024-07-15,GA,Night,9,83,34,1
2024-07-16,TN,Morning,9,67,77,94
2024-07-16,GA,Midday,2,64,36,71
2024-07-16,NJ,Midday,3,96,29,97
2024-07-16,TN,Midday,5,99,77,57
2024-07-16,FL,Midday,9,69,65,8
2024-07-16,NY,Midday,4,84,81,1
2024-07-16,GA,Evening,3,38,96,88
2024-07-16,TN,Evening,3,93,24,76
2024-07-16,FL,Evening,5,77,91,60
2024-07-16,NY,Evening,2,95,34,17
2024-07-16,NJ,Evening,4,14,11,99
2024-07-16,GA,Night,0,73,31,8
2024-07-17,TN,Morning,0,52,80,34
2024-07-17,GA,Midday,8,16,84,98
2024-07-17,NJ,Midday,7,83,10,46
2024-07-17,TN,Midday,2,6,8,45
2024-07-17,FL,Midday,6,64,3,71
2024-07-17,NY,Midday,7,6,20,22
2024-07-17,GA,Evening,7,99,79,49
2024-07-17,TN,Evening,1,36,63,45
2024-07-17,FL,Evening,7,91,91,48
2024-07-17,NY,Evening,1,22,94,6
2024-07-17,NJ,Evening,4,73,69,35
2024-07-17,GA,Night,2,97,54,32
2024-07-18,TN,Morning,5,10,57,26
2024-07-18,GA,Midday,6,93,98,18
2024-07-18,NJ,Midday,4,35,92,79
2024-07-18,TN,Midday,2,65,34,17
2024-07-18,FL,Midday,3,29,67,52
2024-07-18,NY,Midday,8,30,89,88
2024-07-18,GA,Evening,6,66,61,27
2024-07-18,TN,Evening,4,29,6,3
2024-07-18,FL,Evening,5,71,24,86
2024-07-18,NY,Evening,8,16,33,48
2024-07-18,NJ,Evening,6,24,11,69
2024-07-18,GA,Night,0,39,79,60
2024-07-19,TN,Morning,0,36,50,76
2024-07-19,GA,Midday,4,11,23,13
2024-07-19,NJ,Midday,7,13,54,45
2024-07-19,TN,Midday,6,27,6,39
2024-07-19,FL,Midday,9,73,77,79
2024-07-19,NY,Midday,8,88,55,14
2024-07-19,GA,Evening,9,6,40,89
2024-07-19,TN,Evening,0,84,41,95
2024-07-19,FL,Evening,8,23,85,98
2024-07-19,NY,Evening,3,8,75,45
2024-07-19,NJ,Evening,2,8,95,43
2024-07-19,GA,Night,8,47,13,26
2024-07-20,TN,Morning,5,51,6,41
2024-07-20,GA,Midday,9,90,59,65
2024-07-20,NJ,Midday,1,18,82,69
2024-07-20,TN,Midday,3,9,0,58
2024-07-20,FL,Midday,7,70,68,6
2024-07-20,NY,Midday,6,26,2,3
2024-07-20,GA,Evening,9,85,4,23
2024-07-20,TN,Evening,5,65,0,80
2024-07-20,FL,Evening,8,47,3,74
2024-07-20,NY,Evening,0,44,10,0
2024-07-20,NJ,Evening,4,54,16,22
2024-07-20,GA,Night,4,50,45,19
2024-07-21,GA,Midday,9,97,55,17
2024-07-21,NY,Midday,8,1,49,69
2024-07-21,GA,Evening,7,79,48,79
2024-07-21,NY,Evening,7,49,86,95
2024-07-21,GA,Night,7,7,81,64
2024-07-22,TN,Morning,6,31,60,31
2024-07-22,GA,Midday,0,51,71,31
2024-07-22,NJ,Midday,3,97,99,38
2024-07-22,TN,Midday,9,16,97,1
2024-07-22,FL,Midday,0,32,46,93
2024-07-22,NY,Midday,6,88,76,88
2024-07-22,GA,Evening,0,82,54,53
2024-07-22,TN,Evening,3,73,59,35
2024-07-22,NY,Evening,7,69,90,22
2024-07-22,NJ,Evening,1,45,32,67
2024-07-22,GA,Night,5,88,98,86
2024-07-23,TN,Morning,7,39,61,55
2024-07-23,GA,Midday,6,17,24,20
2024-07-23,NJ,Midday,6,40,90,10
2024-07-23,TN,Midday,8,84,56,90
2024-07-23,FL,Midday,5,36,64,75
2024-07-23,NY,Midday,9,99,19,42
2024-07-23,GA,Evening,6,92,99,45
2024-07-23,TN,Evening,5,48,89,87
2024-07-23,FL,Evening,5,85,11,49
2024-07-23,NY,Evening,2,73,53,9
2024-07-23,NJ,Evening,2,18,7,77
2024-07-23,GA,Night,0,82,62,50
2024-07-24,TN,Morning,9,49,96,66
2024-07-24,GA,Midday,9,60,13,80
2024-07-24,NJ,Midday,7,88,23,27
2024-07-24,TN,Midday,0,63,88,97
2024-07-24,FL,Midday,3,85,97,33
2024-07-24,NY,Midday,7,40,86,24
2024-07-24,GA,Evening,9,40,20,91
2024-07-24,TN,Evening,6,61,55,4
2024-07-24,FL,Evening,2,35,5,12
2024-07-24,NY,Evening,8,59,51,3
2024-07-24,NJ,Evening,8,98,85,4
2024-07-24,GA,Night,8,5,30,64
2024-07-25,TN,Morning,5,70,78,82
2024-07-25,GA,Midday,7,87,91,19
2024-07-25,NJ,Midday,2,43,52,0
2024-07-25,TN,Midday,0,19,71,85
2024-07-25,FL,Midday,4,0,44,73
2024-07-25,NY,Midday,3,35,25,44
2024-07-25,GA,Evening,0,10,52,29
2024-07-25,TN,Evening,0,59,22,1
2024-07-25,FL,Evening,3,80,99,89
2024-07-25,NY,Evening,9,48,55,82
2024-07-25,NJ,Evening,8,87,76,56
2024-07-25,GA,Night,6,75,42,31
2024-07-26,TN,Morning,8,75,34,70
2024-07-26,GA,Midday,5,19,79,50
2024-07-26,NJ,Midday,7,8,5,76
2024-07-26,TN,Midday,2,19,42,86
2024-07-26,FL,Midday,8,16,25,85
2024-07-26,NY,Midday,8,87,19,34
2024-07-26,GA,Evening,0,8,93,9
2024-07-26,TN,Evening,7,41,91,94
2024-07-26,FL,Evening,5,62,61,33
2024-07-26,NY,Evening,8,69,42,4
2024-07-26,NJ,Evening,7,79,64,71
2024-07-26,GA,Night,9,57,60,38
2024-07-27,TN,Morning,7,13,83,2
2024-07-27,GA,Midday,6,3,36,77
2024-07-27,NJ,Midday,3,6,4,45
2024-07-27,TN,Midday,7,9,76,40
2024-07-27,FL,Midday,0,96,70,92
2024-07-27,NY,Midday,3,23,73,6
2024-07-27,GA,Evening,6,19,63,29
2024-07-27,TN,Evening,9,18,77,26
2024-07-27,FL,Evening,8,84,55,55
2024-07-27,NY,Evening,7,49,61,7
2024-07-27,NJ,Evening,9,64,74,35
2024-07-27,GA,Night,1,26,60,28
2024-07-28,GA,Midday,8,80,23,59
2024-07-28,NJ,Midday,4,37,71,14
2024-07-28,NY,Midday,5,4,29,95
2024-07-28,GA,Evening,7,6,15,40
2024-07-28,TN,Evening,8,70,14,77
2024-07-28,NY,Evening,1,11,57,12
2024-07-28,NJ,Evening,9,91,4,13
2024-07-28,GA,Night,9,95,38,99
2024-07-29,TN,Morning,2,15,89,89
2024-07-29,GA,Midday,3,97,12,48
2024-07-29,NJ,Midday,8,11,60,27
2024-07-29,TN,Midday,1,91,71,8
2024-07-29,FL,Midday,4,5,94,90
2024-07-29,NY,Midday,5,74,54,73
2024-07-29,GA,Evening,5,80,57,83
2024-07-29,TN,Evening,5,27,20,63
2024-07-29,NY,Evening,1,71,44,24
2024-07-29,NJ,Evening,8,62,69,54
2024-07-29,GA,Night,1,36,90,40
2024-07-30,TN,Morning,0,40,24,14
2024-07-30,GA,Midday,5,60,42,5
2024-07-30,NJ,Midday,4,54,33,63
2024-07-30,TN,Midday,2,28,93,91
2024-07-30,FL,Midday,4,47,42,78
2024-07-30,NY,Midday,3,85,34,87
2024-07-30,GA,Evening,3,31,63,55
2024-07-30,TN,Evening,5,49,69,13
2024-07-30,FL,Evening,0,49,10,4
2024-07-30,NY,Evening,6,49,61,94
2024-07-30,NJ,Evening,7,63,51,17
2024-07-30,GA,Night,9,5,16,76
2024-07-31,TN,Morning,0,81,80,76
2024-07-31,GA,Midday,3,70,24,70
2024-07-31,NJ,Midday,3,89,24,41
2024-07-31,TN,Midday,2,6,2,45
2024-07-31,FL,Midday,0,14,63,26
2024-07-31,NY,Midday,8,2,63,80
2024-07-31,GA,Evening,6,16,26,18
2024-07-31,TN,Evening,3,2,31,46
2024-07-31,FL,Evening,7,16,95,82
2024-07-31,NY,Evening,7,16,38,97
2024-07-31,NJ,Evening,0,10,50,25
2024-07-31,GA,Night,3,2,23,34
2024-08-01,TN,Morning,4,39,48,85
2024-08-01,GA,Midday,4,57,36,69
2024-08-01,NJ,Midday,7,45,89,2
2024-08-01,TN,Midday,3,74,83,91
2024-08-01,FL,Midday,7,3,71,26
2024-08-01,NY,Midday,7,31,74,19
2024-08-01,GA,Evening,6,13,4,15
2024-08-01,TN,Evening,3,47,51,38
2024-08-01,FL,Evening,8,33,71,56
2024-08-01,NY,Evening,6,3,19,19
2024-08-01,NJ,Evening,9,87,13,46
2024-08-01,GA,Night,9,0,20,2
2024-08-02,TN,Morning,3,65,93,4
2024-08-02,GA,Midday,5,85,31,77
2024-08-02,NJ,Midday,3,50,63,44
2024-08-02,TN,Midday,0,62,58,29
2024-08-02,FL,Midday,9,74,86,33
2024-08-02,NY,Midday,5,96,90,14
2024-08-02,GA,Evening,7,70,37,95
2024-08-02,TN,Evening,8,20,98,95
2024-08-02,FL,Evening,5,26,95,16
2024-08-02,NY,Evening,3,73,27,97
2024-08-02,NJ,Evening,0,54,46,8
2024-08-02,GA,Night,2,12,52,70
2024-08-03,TN,Morning,4,35,55,5
2024-08-03,GA,Midday,0,55,30,38
2024-08-03,NJ,Midday,0,28,51,11
2024-08-03,TN,Midday,5,85,40,78
2024-08-03,FL,Midday,1,47,62,63
2024-08-03,NY,Midday,6,18,53,12
2024-08-03,GA,Evening,8,18,28,51
2024-08-03,TN,Evening,1,97,79,64
2024-08-03,FL,Evening,7,83,37,45
2024-08-03,NY,Evening,8,37,67,19
2024-08-03,NJ,Evening,9,28,18,99
2024-08-03,GA,Night,0,55,89,43
2024-08-04,GA,Midday,0,12,60,97
2024-08-04,NJ,Midday,7,8,92,64
2024-08-04,FL,Midday,7,12,70,8
2024-08-04,NY,Midday,0,2,57,9
2024-08-04,GA,Evening,8,24,63,49
2024-08-04,TN,Evening,6,71,10,33
2024-08-04,FL,Evening,8,41,28,75
2024-08-04,NY,Evening,3,79,73,61
2024-08-04,NJ,Evening,3,43,68,18
2024-08-04,GA,Night,0,86,21,43
2024-08-05,TN,Morning,8,12,27,5
2024-08-05,GA,Midday,8,72,6,41
2024-08-05,NJ,Midday,7,72,9,9
2024-08-05,TN,Midday,1,85,39,47
2024-08-05,FL,Midday,1,3,55,61
2024-08-05,NY,Midday,1,8,6,66
2024-08-05,GA,Evening,6,1,34,38
2024-08-05,TN,Evening,4,86,53,60
2024-08-05,FL,Evening,2,10,43,96
2024-08-05,NY,Evening,3,43,20,60
2024-08-05,NJ,Evening,5,74,5,29
2024-08-05,GA,Night,5,90,81,94
2024-08-06,TN,Morning,6,78,97,93
2024-08-06,GA,Midday,1,88,76,17
2024-08-06,NJ,Midday,2,43,21,58
2024-08-06,TN,Midday,1,72,98,31
2024-08-06,FL,Midday,3,42,6,7
2024-08-06,NY,Midday,7,78,44,83
2024-08-06,GA,Evening,4,33,93,63
2024-08-06,TN,Evening,0,34,69,88
2024-08-06,FL,Evening,7,30,94,0
2024-08-06,NY,Evening,6,17,35,30
2024-08-06,NJ,Evening,5,18,29,56
2024-08-06,GA,Night,5,39,99,79
2024-08-07,TN,Morning,4,75,80,88
2024-08-07,GA,Midday,1,57,58,8
2024-08-07,NJ,Midday,2,50,48,35
2024-08-07,TN,Midday,4,72,36,83
2024-08-07,FL,Midday,4,21,68,5
2024-08-07,NY,Midday,0,88,89,6
2024-08-07,GA,Evening,1,55,80,33
2024-08-07,TN,Evening,4,55,59,87
2024-08-07,FL,Evening,2,12,3,21
2024-08-07,NY,Evening,0,33,15,25
2024-08-07,NJ,Evening,7,97,8,18
2024-08-07,GA,Night,2,2,79,7
2024-08-08,TN,Morning,9,91,28,21
2024-08-08,GA,Midday,0,99,92,19
2024-08-08,NJ,Midday,9,93,92,17
2024-08-08,TN,Midday,9,50,18,38
2024-08-08,FL,Midday,0,55,37,58
2024-08-08,NY,Midday,7,21,6,38
2024-08-08,GA,Evening,6,8,20,77
2024-08-08,TN,Evening,8,48,84,74
2024-08-08,FL,Evening,6,25,73,52
2024-08-08,NY,Evening,2,87,95,37
2024-08-08,NJ,Evening,2,64,39,25
2024-08-08,GA,Night,2,90,12,18
2024-08-09,TN,Morning,6,58,90,83
2024-08-09,GA,Midday,6,37,3,66
2024-08-09,NJ,Midday,0,77,10,34
2024-08-09,TN,Midday,0,52,19,91
2024-08-09,FL,Midday,0,73,0,1
2024-08-09,NY,Midday,0,81,52,11
2024-08-09,GA,Evening,5,40,34,94
2024-08-09,TN,Evening,2,85,13,82
2024-08-09,FL,Evening,3,22,20,46
2024-08-09,NY,Evening,5,96,94,32
2024-08-09,NJ,Evening,5,34,83,24
2024-08-09,GA,Night,3,44,88,90
2024-08-10,TN,Morning,8,11,63,65
2024-08-10,GA,Midday,0,50,58,63
2024-08-10,NJ,Midday,9,22,0,78
2024-08-10,TN,Midday,3,45,29,80
2024-08-10,FL,Midday,8,95,97,11
2024-08-10,NY,Midday,1,21,9,2
2024-08-10,GA,Evening,2,37,47,1
2024-08-10,NY,Evening,2,47,45,26
2024-08-10,NJ,Evening,8,88,51,2
2024-08-10,GA,Night,8,36,64,8
2024-08-11,GA,Midday,2,75,20,38
2024-08-11,NJ,Midday,7,24,39,98
2024-08-11,FL,Midday,9,95,10,20
2024-08-11,NY,Midday,9,7,98,17
2024-08-11,GA,Evening,3,64,26,55
2024-08-11,TN,Evening,8,70,65,36
2024-08-11,FL,Evening,2,78,47,64
2024-08-11,NY,Evening,5,49,46,84
2024-08-11,NJ,Evening,6,94,18,56
2024-08-11,GA,Night,0,83,65,5
2024-08-12,TN,Morning,9,6,87,79
2024-08-12,GA,Midday,1,55,65,26
2024-08-12,NJ,Midday,6,50,67,4
2024-08-12,TN,Midday,5,63,32,86
2024-08-12,FL,Midday,9,37,58,81
2024-08-12,NY,Midday,2,83,7,91
2024-08-12,GA,Evening,7,40,38,48
2024-08-12,TN,Evening,6,24,23,56
2024-08-12,FL,Evening,0,18,24,35
2024-08-12,NY,Evening,3,0,6,96
2024-08-12,NJ,Evening,6,7,93,30
2024-08-12,GA,Night,4,7,80,9
2024-08-13,TN,Morning,7,25,93,81
2024-08-13,GA,Midday,7,49,78,42
2024-08-13,NJ,Midday,6,60,54,76
2024-08-13,TN,Midday,9,59,79,72
2024-08-13,FL,Midday,7,90,31,19
2024-08-13,NY,Midday,2,16,76,34
2024-08-13,GA,Evening,9,11,54,46
2024-08-13,TN,Evening,4,67,60,81
2024-08-13,FL,Evening,1,58,62,35
2024-08-13,NY,Evening,4,97,37,4
2024-08-13,NJ,Evening,4,8,73,6
2024-08-13,GA,Night,0,53,73,38
2024-08-14,TN,Morning,4,33,17,8
2024-08-14,GA,Midday,7,63,90,65
2024-08-14,NJ,Midday,9,97,43,8
2024-08-14,TN,Midday,3,56,84,86
2024-08-14,FL,Midday,6,48,66,38
2024-08-14,NY,Midday,1,52,23,12
2024-08-14,GA,Evening,8,74,9,20
2024-08-14,TN,Evening,3,37,5,82
2024-08-14,FL,Evening,3,53,4,55
2024-08-14,NY,Evening,6,13,69,9
2024-08-14,NJ,Evening,4,4,5,45
2024-08-14,GA,Night,0,94,81,33
2024-08-15,TN,Morning,6,68,51,78
2024-08-15,GA,Midday,8,23,82,84
2024-08-15,NJ,Midday,6,29,60,24
2024-08-15,TN,Midday,5,40,8,22
2024-08-15,FL,Midday,4,18,34,55
2024-08-15,NY,Midday,1,91,37,14
2024-08-15,GA,Evening,7,55,22,5
2024-08-15,TN,Evening,6,27,32,69
2024-08-15,FL,Evening,0,10,21,52
2024-08-15,NY,Evening,5,8,37,90
2024-08-15,NJ,Evening,8,71,12,94
2024-08-15,GA,Night,4,15,61,42
2024-08-16,TN,Morning,5,76,17,70
2024-08-16,GA,Midday,4,96,47,42
2024-08-16,NJ,Midday,2,11,89,93
2024-08-16,TN,Midday,0,78,68,78
2024-08-16,FL,Midday,3,45,34,70
2024-08-16,NY,Midday,7,25,83,51
2024-08-16,GA,Evening,9,55,25,8
2024-08-16,TN,Evening,4,78,94,84
2024-08-16,FL,Evening,9,67,44,6
2024-08-16,NY,Evening,6,63,99,2
2024-08-16,NJ,Evening,6,62,27,42
2024-08-16,GA,Night,1,55,97,70
2024-08-17,TN,Morning,0,85,72,23
2024-08-17,GA,Midday,8,44,73,47
2024-08-17,NJ,Midday,8,55,83,5
2024-08-17,TN,Midday,6,21,81,73
2024-08-17,FL,Midday,9,47,39,69
2024-08-17,NY,Midday,9,41,90,49
2024-08-17,GA,Evening,0,66,73,58
2024-08-17,TN,Evening,8,92,81,0
2024-08-17,FL,Evening,1,91,63,71
2024-08-17,NY,Evening,6,88,92,67
2024-08-17,NJ,Evening,0,50,41,99
2024-08-17,GA,Night,2,81,43,29
2024-08-18,GA,Midday,3,30,90,29
2024-08-18,NJ,Midday,0,75,6,94
2024-08-18,FL,Midday,0,18,69,8
2024-08-18,NY,Midday,4,32,80,35
2024-08-18,GA,Evening,2,3,53,29
2024-08-18,TN,Evening,9,89,34,21
2024-08-18,FL,Evening,5,51,15,69
2024-08-18,NY,Evening,2,7,64,66
2024-08-18,NJ,Evening,1,20,34,69
2024-08-18,GA,Night,4,63,20,63
2024-08-19,TN,Morning,0,33,20,91
2024-08-19,GA,Midday,4,61,78,21
2024-08-19,NJ,Midday,1,2,42,64
2024-08-19,TN,Midday,6,31,78,33
2024-08-19,FL,Midday,4,42,52,20
2024-08-19,NY,Midday,1,3,94,26
2024-08-19,GA,Evening,6,18,78,26
2024-08-19,TN,Evening,2,76,50,47
2024-08-19,NY,Evening,4,3,88,8
2024-08-19,NJ,Evening,0,95,22,85
2024-08-19,GA,Night,2,6,46,28
2024-08-20,TN,Morning,0,40,17,5
2024-08-20,GA,Midday,8,50,49,25
2024-08-20,NJ,Midday,0,0,45,51
2024-08-20,TN,Midday,3,1,77,25
2024-08-20,FL,Midday,5,11,5,97
2024-08-20,NY,Midday,5,10,56,14
2024-08-20,GA,Evening,0,39,54,48
2024-08-20,TN,Evening,2,77,6,48
2024-08-20,FL,Evening,3,19,11,2
2024-08-20,NY,Evening,3,16,12,72
2024-08-20,NJ,Evening,6,45,0,87
2024-08-20,GA,Night,1,27,30,30
2024-08-21,TN,Morning,6,94,37,60
2024-08-21,GA,Midday,9,99,40,48
2024-08-21,NJ,Midday,6,84,91,52
2024-08-21,TN,Midday,1,72,77,54
2024-08-21,FL,Midday,1,47,51,81
2024-08-21,NY,Midday,3,42,73,30
2024-08-21,GA,Evening,4,70,37,6
2024-08-21,TN,Evening,0,71,51,63
2024-08-21,FL,Evening,2,81,86,92
2024-08-21,NY,Evening,1,78,44,20
2024-08-21,NJ,Evening,4,4,51,65
2024-08-21,GA,Night,2,47,44,58
2024-08-22,TN,Morning,5,37,31,88
2024-08-22,GA,Midday,3,75,61,49
2024-08-22,NJ,Midday,7,89,73,86
2024-08-22,TN,Midday,5,23,77,72
2024-08-22,FL,Midday,9,41,82,59
2024-08-22,NY,Midday,2,1,8,8
2024-08-22,GA,Evening,9,83,22,58
2024-08-22,TN,Evening,2,89,52,24
2024-08-22,FL,Evening,5,31,68,68
2024-08-22,NY,Evening,8,74,75,58
2024-08-22,NJ,Evening,3,30,5,11
2024-08-22,GA,Night,0,31,53,0
2024-08-23,TN,Morning,6,33,43,21
2024-08-23,GA,Midday,0,47,18,94
2024-08-23,NJ,Midday,6,49,67,60
2024-08-23,TN,Midday,7,16,75,85
2024-08-23,FL,Midday,8,70,42,7
2024-08-23,NY,Midday,2,36,13,72
2024-08-23,GA,Evening,2,29,93,32
2024-08-23,TN,Evening,3,65,8,50
2024-08-23,FL,Evening,3,84,28,86
2024-08-23,NY,Evening,1,14,14,95
2024-08-23,NJ,Evening,8,38,58,88
2024-08-23,GA,Night,3,10,57,71
2024-08-24,TN,Morning,9,55,12,77
2024-08-24,GA,Midday,3,26,76,40
2024-08-24,NJ,Midday,1,24,53,35
2024-08-24,TN,Midday,7,19,60,3
2024-08-24,FL,Midday,1,28,35,24
2024-08-24,NY,Midday,0,30,10,53
2024-08-24,GA,Evening,5,20,67,75
2024-08-24,TN,Evening,8,68,4,71
2024-08-24,FL,Evening,9,90,33,30
2024-08-24,NY,Evening,8,67,31,22
2024-08-24,NJ,Evening,5,0,36,98
2024-08-24,GA,Night,5,26,44,51
2024-08-25,GA,Midday,0,53,18,93
2024-08-25,NJ,Midday,9,13,69,7
2024-08-25,FL,Midday,2,8,47,5
2024-08-25,NY,Midday,5,66,4,81
2024-08-25,GA,Evening,8,53,50,49
2024-08-25,TN,Evening,0,92,50,9
2024-08-25,FL,Evening,7,59,55,85
2024-08-25,NY,Evening,7,40,78,59
2024-08-25,NJ,Evening,4,47,58,32
2024-08-25,GA,Night,7,70,96,72
2024-08-26,TN,Morning,7,59,13,25
2024-08-26,GA,Midday,0,85,64,55
2024-08-26,NJ,Midday,5,20,19,15
2024-08-26,TN,Midday,1,94,22,93
2024-08-26,FL,Midday,1,29,33,59
2024-08-26,NY,Midday,4,71,60,55
2024-08-26,GA,Evening,6,74,38,60
2024-08-26,TN,Evening,4,13,38,69
2024-08-26,FL,Evening,4,13,0,56
2024-08-26,NY,Evening,6,28,83,3
2024-08-26,NJ,Evening,4,41,34,3
2024-08-26,GA,Night,0,31,74,89
2024-08-27,TN,Morning,9,35,44,41
2024-08-27,GA,Midday,8,98,86,84
2024-08-27,NJ,Midday,9,10,21,88
2024-08-27,TN,Midday,3,17,88,82
2024-08-27,FL,Midday,5,22,23,65
2024-08-27,NY,Midday,3,0,21,70
2024-08-27,GA,Evening,3,10,99,23
2024-08-27,TN,Evening,7,89,60,5
2024-08-27,FL,Evening,2,93,5,7
2024-08-27,NY,Evening,8,27,35,8
2024-08-27,NJ,Evening,5,41,10,29
2024-08-27,GA,Night,3,7,50,2
2024-08-28,TN,Morning,1,47,39,96
2024-08-28,GA,Midday,7,61,86,78
2024-08-28,NJ,Midday,6,28,57,19
2024-08-28,TN,Midday,6,43,40,93
2024-08-28,FL,Midday,4,62,24,8
2024-08-28,NY,Midday,4,78,57,53
2024-08-28,GA,Evening,9,75,62,76
2024-08-28,TN,Evening,1,99,39,62
2024-08-28,FL,Evening,0,69,67,85
2024-08-28,NY,Evening,4,24,23,73
2024-08-28,NJ,Evening,3,71,74,96
2024-08-28,GA,Night,4,75,18,67
2024-08-29,TN,Morning,4,24,94,62
2024-08-29,GA,Midday,1,46,40,53
2024-08-29,NJ,Midday,2,43,82,34
2024-08-29,TN,Midday,9,50,20,59
2024-08-29,FL,Midday,6,4,76,95
2024-08-29,NY,Midday,6,3,67,19
2024-08-29,GA,Evening,0,71,66,89
2024-08-29,TN,Evening,0,60,7,57
2024-08-29,FL,Evening,6,13,83,4
2024-08-29,NY,Evening,1,58,38,18
2024-08-29,NJ,Evening,1,80,27,26
2024-08-29,GA,Night,6,75,60,74
2024-08-30,TN,Morning,5,30,24,31
2024-08-30,GA,Midday,1,12,94,47
2024-08-30,NJ,Midday,6,53,51,4
2024-08-30,TN,Midday,6,83,76,28
2024-08-30,FL,Midday,1,51,34,29
2024-08-30,NY,Midday,3,91,17,90
2024-08-30,GA,Evening,6,83,97,51
2024-08-30,TN,Evening,3,26,3,28
2024-08-30,FL,Evening,3,77,66,63
2024-08-30,NY,Evening,5,78,33,91
2024-08-30,NJ,Evening,0,90,43,3
2024-08-30,GA,Night,3,32,73,92
2024-08-31,TN,Morning,7,33,12,50
2024-08-31,GA,Midday,7,86,56,63
2024-08-31,NJ,Midday,4,33,38,36
2024-08-31,TN,Midday,8,9,9,5
2024-08-31,FL,Midday,1,39,49,85
2024-08-31,NY,Midday,5,84,58,13
2024-08-31,GA,Evening,9,17,56,81
2024-08-31,TN,Evening,3,39,90,98
2024-08-31,FL,Evening,1,85,13,56
2024-08-31,NY,Evening,0,45,38,64
2024-08-31,NJ,Evening,3,3,62,76
2024-08-31,GA,Night,0,48,92,75
2024-09-01,GA,Midday,2,79,41,53
2024-09-01,NJ,Midday,0,10,27,82
2024-09-01,FL,Midday,5,79,19,14
2024-09-01,NY,Midday,6,17,84,97
2024-09-01,GA,Evening,9,30,58,29
2024-09-01,TN,Evening,9,10,98,21
2024-09-01,FL,Evening,6,20,71,79
2024-09-01,NY,Evening,0,28,19,37
2024-09-01,NJ,Evening,4,74,61,32
2024-09-01,GA,Night,2,34,31,56
2024-09-02,TN,Morning,3,82,11,41
2024-09-02,GA,Midday,3,84,72,44
2024-09-02,NJ,Midday,4,26,82,65
2024-09-02,TN,Midday,9,6,89,84
2024-09-02,FL,Midday,8,29,13,86
2024-09-02,NY,Midday,6,99,34,47
2024-09-02,GA,Evening,7,89,36,18
2024-09-02,TN,Evening,9,58,81,33
2024-09-02,FL,Evening,3,60,77,59
2024-09-02,NY,Evening,3,8,40,52
2024-09-02,NJ,Evening,0,64,16,35
2024-09-02,GA,Night,0,41,52,1
2024-09-03,TN,Morning,0,5,48,43
2024-09-03,GA,Midday,3,0,61,59
2024-09-03,NJ,Midday,9,17,95,17
2024-09-03,TN,Midday,5,9,35,30
2024-09-03,FL,Midday,2,62,26,95
2024-09-03,NY,Midday,3,33,76,88
2024-09-03,GA,Evening,9,75,88,87
2024-09-03,TN,Evening,9,38,98,4
2024-09-03,FL,Evening,3,44,21,29
2024-09-03,NY,Evening,0,37,93,18
2024-09-03,NJ,Evening,1,32,52,49
2024-09-03,GA,Night,0,86,1,79
2024-09-04,TN,Morning,0,19,85,42
2024-09-04,GA,Midday,4,74,52,37
2024-09-04,NJ,Midday,2,49,80,36
2024-09-04,TN,Midday,6,45,44,27
2024-09-04,FL,Midday,2,10,80,39
2024-09-04,NY,Midday,7,98,14,82
2024-09-04,GA,Evening,1,89,31,54
2024-09-04,TN,Evening,7,42,8,29
2024-09-04,FL,Evening,5,55,72,67
2024-09-04,NY,Evening,8,21,75,71
2024-09-04,NJ,Evening,2,74,55,62
2024-09-04,GA,Night,7,12,91,96
2024-09-05,TN,Morning,5,73,37,72
2024-09-05,GA,Midday,2,84,96,1
2024-09-05,NJ,Midday,0,24,45,37
2024-09-05,TN,Midday,1,90,18,9
2024-09-05,FL,Midday,0,50,38,75
2024-09-05,NY,Midday,0,4,51,27
2024-09-05,GA,Evening,9,89,41,13
2024-09-05,TN,Evening,5,24,34,67
2024-09-05,NY,Evening,4,99,56,80
2024-09-05,NJ,Evening,6,78,51,40
2024-09-05,GA,Night,4,37,13,96
2024-09-06,TN,Morning,5,25,4,44
2024-09-06,GA,Midday,6,85,75,41
2024-09-06,NJ,Midday,3,89,25,6
2024-09-06,TN,Midday,0,5,52,9
2024-09-06,FL,Midday,7,93,91,89
2024-09-06,NY,Midday,6,13,90,49
2024-09-06,GA,Evening,0,25,77,73
2024-09-06,TN,Evening,1,33,93,89
2024-09-06,FL,Evening,6,31,47,67
2024-09-06,NY,Evening,0,12,81,41
2024-09-06,NJ,Evening,0,98,5,3
2024-09-06,GA,Night,7,9,31,30
2024-09-07,TN,Morning,7,76,24,31
2024-09-07,GA,Midday,7,69,69,24
2024-09-07,NJ,Midday,9,59,80,5
2024-09-07,TN,Midday,7,93,78,18
2024-09-07,FL,Midday,5,28,62,82
2024-09-07,NY,Midday,5,98,5,26
2024-09-07,GA,Evening,1,40,33,24
2024-09-07,TN,Evening,2,76,88,15
2024-09-07,FL,Evening,4,10,87,94
2024-09-07,NY,Evening,5,54,82,50
2024-09-07,NJ,Evening,5,7,55,13
2024-09-07,GA,Night,7,9,80,22
2024-09-08,GA,Midday,6,88,60,82
2024-09-08,NJ,Midday,4,72,1,38
2024-09-08,FL,Midday,3,67,25,4
2024-09-08,NY,Midday,3,8,39,31
2024-09-08,GA,Evening,8,2,47,77
2024-09-08,TN,Evening,9,91,29,16
2024-09-08,FL,Evening,4,57,81,49
2024-09-08,NY,Evening,8,32,14,64
2024-09-08,NJ,Evening,5,18,17,76
2024-09-08,GA,Night,1,33,21,28
2024-09-09,TN,Morning,1,20,36,21
2024-09-09,GA,Midday,6,35,20,15
2024-09-09,NJ,Midday,4,27,56,26
2024-09-09,TN,Midday,5,79,63,42
2024-09-09,FL,Midday,3,47,92,85
2024-09-09,NY,Midday,1,39,82,46
2024-09-09,GA,Evening,4,78,63,60
2024-09-09,TN,Evening,7,50,36,13
2024-09-09,FL,Evening,3,14,2,40
2024-09-09,NY,Evening,0,51,67,47
2024-09-09,NJ,Evening,7,43,12,20
2024-09-09,GA,Night,1,21,25,98
2024-09-10,TN,Morning,8,39,27,41
2024-09-10,GA,Midday,2,30,11,3
2024-09-10,NJ,Midday,7,97,43,31
2024-09-10,TN,Midday,1,56,4,2
2024-09-10,FL,Midday,3,21,59,63
2024-09-10,NY,Midday,3,9,55,39
2024-09-10,GA,Evening,5,98,47,12
2024-09-10,TN,Evening,2,29,58,36
2024-09-10,FL,Evening,5,52,99,52
2024-09-10,NY,Evening,4,85,59,39
2024-09-10,NJ,Evening,0,7,58,65
2024-09-10,GA,Night,7,40,30,47
2024-09-11,TN,Morning,8,76,42,40
2024-09-11,GA,Midday,4,68,67,84
2024-09-11,NJ,Midday,3,29,12,96
2024-09-11,TN,Midday,2,58,36,64
2024-09-11,FL,Midday,6,47,37,60
2024-09-11,NY,Midday,2,53,60,8
2024-09-11,GA,Evening,8,34,52,28
2024-09-11,TN,Evening,1,59,80,55
2024-09-11,FL,Evening,8,2,0,27
2024-09-11,NY,Evening,2,38,40,77
2024-09-11,NJ,Evening,1,13,66,90
2024-09-11,GA,Night,4,39,39,95
2024-09-12,TN,Morning,6,10,56,29
2024-09-12,GA,Midday,9,8,23,79
2024-09-12,NJ,Midday,1,17,78,21
2024-09-12,TN,Midday,7,69,19,93
2024-09-12,FL,Midday,5,43,30,52
2024-09-12,NY,Midday,4,96,95,77
2024-09-12,GA,Evening,2,10,87,68
2024-09-12,TN,Evening,4,53,88,88
2024-09-12,NY,Evening,5,76,88,89
2024-09-12,NJ,Evening,2,93,88,58
2024-09-12,GA,Night,8,9,92,90
2024-09-13,TN,Morning,8,65,59,69
2024-09-13,GA,Midday,8,61,8,14
2024-09-13,NJ,Midday,0,58,28,76
2024-09-13,TN,Midday,9,54,71,5
2024-09-13,FL,Midday,5,22,76,30
2024-09-13,NY,Midday,4,61,37,44
2024-09-13,GA,Evening,7,85,61,8
2024-09-13,TN,Evening,6,35,89,88
2024-09-13,FL,Evening,1,38,66,41
2024-09-13,NY,Evening,7,41,42,51
2024-09-13,NJ,Evening,6,41,90,32
2024-09-13,GA,Night,4,75,30,35
2024-09-14,TN,Morning,4,93,33,20
2024-09-14,GA,Midday,8,26,93,33
2024-09-14,NJ,Midday,0,14,49,57
2024-09-14,TN,Midday,3,30,17,46
2024-09-14,FL,Midday,7,54,5,68
2024-09-14,NY,Midday,9,80,19,90
2024-09-14,GA,Evening,9,46,49,53
2024-09-14,TN,Evening,6,93,30,61
2024-09-14,FL,Evening,9,89,39,59
2024-09-14,NY,Evening,5,79,55,22
2024-09-14,NJ,Evening,2,28,98,44
2024-09-14,GA,Night,2,93,80,95
2024-09-15,GA,Midday,9,40,12,73
2024-09-15,NJ,Midday,5,62,24,87
2024-09-15,FL,Midday,3,75,99,31
2024-09-15,NY,Midday,9,41,49,79
2024-09-15,GA,Evening,8,37,31,50
2024-09-15,NY,Evening,1,93,93,98
2024-09-15,NJ,Evening,9,84,81,22
2024-09-15,GA,Night,5,17,46,64
2024-09-16,TN,Morning,7,95,15,61
2024-09-16,GA,Midday,8,43,47,3
2024-09-16,NJ,Midday,8,41,32,5
2024-09-16,TN,Midday,0,55,18,77
2024-09-16,FL,Midday,6,89,97,63
2024-09-16,NY,Midday,9,63,63,54
2024-09-16,GA,Evening,2,59,52,81
2024-09-16,TN,Evening,0,12,65,30
2024-09-16,FL,Evening,5,5,94,35
2024-09-16,NY,Evening,5,55,18,42
2024-09-16,NJ,Evening,2,94,16,57
2024-09-16,GA,Night,5,87,7,56
2024-09-17,TN,Morning,0,0,30,28
2024-09-17,GA,Midday,5,96,24,18
2024-09-17,NJ,Midday,0,47,19,83
2024-09-17,TN,Midday,5,97,20,62
2024-09-17,FL,Midday,7,92,61,26
2024-09-17,NY,Midday,4,82,78,30
2024-09-17,GA,Evening,5,54,15,98
2024-09-17,TN,Evening,6,75,84,53
2024-09-17,FL,Evening,7,61,98,60
2024-09-17,NY,Evening,2,42,53,86
2024-09-17,NJ,Evening,0,63,82,74
2024-09-17,GA,Night,7,77,25,27
2024-09-18,TN,Morning,6,32,72,19
2024-09-18,GA,Midday,1,54,71,13
2024-09-18,NJ,Midday,0,2,1,36
2024-09-18,TN,Midday,2,44,28,88
2024-09-18,FL,Midday,0,42,1,34
2024-09-18,NY,Midday,6,55,20,64
2024-09-18,GA,Evening,2,12,5,3
2024-09-18,TN,Evening,0,67,81,16
2024-09-18,FL,Evening,2,1,61,29
2024-09-18,NY,Evening,8,95,29,13
2024-09-18,NJ,Evening,6,22,38,38
2024-09-18,GA,Night,5,51,7,67
2024-09-19,TN,Morning,9,70,92,25
2024-09-19,GA,Midday,4,3,25,24
2024-09-19,NJ,Midday,6,64,68,77
2024-09-19,TN,Midday,3,22,0,75
2024-09-19,FL,Midday,0,40,79,95
2024-09-19,NY,Midday,2,36,71,81
2024-09-19,GA,Evening,8,6,45,82
2024-09-19,TN,Evening,8,61,8,17
2024-09-19,FL,Evening,0,74,17,42
2024-09-19,NY,Evening,3,40,59,9
2024-09-19,NJ,Evening,5,7,66,11
2024-09-19,GA,Night,3,11,59,75
2024-09-20,TN,Morning,0,1,80,39
2024-09-20,GA,Midday,0,97,50,67
2024-09-20,NJ,Midday,7,25,36,2
2024-09-20,TN,Midday,9,95,85,15
2024-09-20,FL,Midday,2,52,48,16
2024-09-20,NY,Midday,0,39,78,16
2024-09-20,GA,Evening,8,81,34,6
2024-09-20,TN,Evening,5,78,75,97
2024-09-20,FL,Evening,2,96,36,95
2024-09-20,NY,Evening,5,19,50,12
2024-09-20,NJ,Evening,9,72,61,70
2024-09-20,GA,Night,3,62,24,73
2024-09-21,TN,Morning,2,57,41,11
2024-09-21,GA,Midday,4,42,71,15
2024-09-21,NJ,Midday,5,64,17,85
2024-09-21,TN,Midday,0,76,47,60
2024-09-21,FL,Midday,0,88,37,73
2024-09-21,NY,Midday,4,71,76,38
2024-09-21,GA,Evening,5,95,31,38
2024-09-21,TN,Evening,5,97,24,78
2024-09-21,FL,Evening,7,0,86,30
2024-09-21,NY,Evening,8,96,3,86
2024-09-21,NJ,Evening,6,88,87,71
2024-09-21,GA,Night,7,27,44,89
2024-09-22,GA,Midday,5,32,2,41
2024-09-22,NJ,Midday,0,11,71,69
2024-09-22,FL,Midday,6,61,18,53
2024-09-22,NY,Midday,5,96,80,14
2024-09-22,GA,Evening,2,58,16,81
2024-09-22,TN,Evening,6,50,85,71
2024-09-22,FL,Evening,7,21,78,39
2024-09-22,NY,Evening,8,44,54,67
2024-09-22,NJ,Evening,7,32,11,41
2024-09-22,GA,Night,0,43,70,76
2024-09-23,TN,Morning,5,3,51,86
2024-09-23,GA,Midday,5,56,56,27
2024-09-23,NJ,Midday,1,53,23,87
2024-09-23,TN,Midday,8,91,90,19
2024-09-23,FL,Midday,8,24,51,90
2024-09-23,NY,Midday,7,53,10,41
2024-09-23,GA,Evening,7,23,61,48
2024-09-23,TN,Evening,1,67,59,84
2024-09-23,FL,Evening,2,26,27,40
2024-09-23,NY,Evening,2,21,59,86
2024-09-23,NJ,Evening,7,15,17,13
2024-09-23,GA,Night,8,93,60,1
2024-09-24,TN,Morning,8,55,23,23
2024-09-24,GA,Midday,8,14,94,14
2024-09-24,NJ,Midday,9,65,54,29
2024-09-24,TN,Midday,8,68,69,37
2024-09-24,FL,Midday,0,7,62,79
2024-09-24,NY,Midday,2,61,67,28
2024-09-24,GA,Evening,7,99,91,8
2024-09-24,TN,Evening,0,95,38,76
2024-09-24,FL,Evening,0,96,99,7
2024-09-24,NY,Evening,7,49,78,88
2024-09-24,NJ,Evening,5,73,26,86
2024-09-24,GA,Night,5,11,21,98
2024-09-25,TN,Morning,0,23,47,2
2024-09-25,GA,Midday,5,60,23,35
2024-09-25,NJ,Midday,0,42,57,71
2024-09-25,TN,Midday,7,67,54,78
2024-09-25,FL,Midday,9,2,18,82
2024-09-25,NY,Midday,5,41,78,53
2024-09-25,GA,Evening,2,48,70,36
2024-09-25,TN,Evening,5,43,53,79
2024-09-25,FL,Evening,4,62,90,91
2024-09-25,NY,Evening,2,21,75,18
2024-09-25,NJ,Evening,2,77,91,37
2024-09-25,GA,Night,4,13,93,89
2024-09-26,TN,Morning,6,7,42,9
2024-09-26,GA,Midday,7,30,13,35
2024-09-26,NJ,Midday,1,99,97,85
2024-09-26,TN,Midday,5,89,41,18
2024-09-26,FL,Midday,7,68,45,55
2024-09-26,NY,Midday,6,99,53,30
2024-09-26,GA,Evening,9,4,62,90
2024-09-26,TN,Evening,4,60,7,8
2024-09-26,FL,Evening,4,23,20,16
2024-09-26,NY,Evening,5,89,27,35
2024-09-26,NJ,Evening,4,84,36,77
2024-09-26,GA,Night,6,80,25,17
2024-09-27,TN,Morning,0,87,16,19
2024-09-27,GA,Midday,3,61,74,91
2024-09-27,NJ,Midday,7,16,36,33
2024-09-27,TN,Midday,1,96,52,7
2024-09-27,FL,Midday,4,85,1,69
2024-09-27,NY,Midday,4,26,65,36
2024-09-27,GA,Evening,2,32,48,61
2024-09-27,TN,Evening,7,82,75,73
2024-09-27,FL,Evening,5,96,69,62
2024-09-27,NY,Evening,7,35,11,68
2024-09-27,NJ,Evening,6,2,92,90
2024-09-27,GA,Night,8,55,8,5
2024-09-28,TN,Morning,2,86,21,96
2024-09-28,GA,Midday,8,38,14,60
2024-09-28,NJ,Midday,8,94,56,50
2024-09-28,TN,Midday,8,8,97,13
2024-09-28,FL,Midday,4,45,15,18
2024-09-28,NY,Midday,4,6,47,97
2024-09-28,GA,Evening,1,76,53,26
2024-09-28,TN,Evening,3,28,48,63
2024-09-28,FL,Evening,4,45,66,43
2024-09-28,NY,Evening,9,53,65,88
2024-09-28,NJ,Evening,2,1,71,28
2024-09-28,GA,Night,9,36,97,26
2024-09-29,GA,Midday,6,18,91,45
2024-09-29,NJ,Midday,9,85,81,81
2024-09-29,FL,Midday,3,58,38,67
2024-09-29,NY,Midday,0,35,54,61
2024-09-29,GA,Evening,2,0,29,29
2024-09-29,TN,Evening,8,66,63,41
2024-09-29,FL,Evening,1,48,15,28
2024-09-29,NY,Evening,8,1,16,4
2024-09-29,NJ,Evening,7,45,41,25
2024-09-29,GA,Night,8,90,38,68
2024-09-30,TN,Morning,0,43,38,70
2024-09-30,GA,Midday,8,87,34,40
2024-09-30,NJ,Midday,1,78,80,31
2024-09-30,TN,Midday,6,46,43,56
2024-09-30,FL,Midday,9,97,10,60
2024-09-30,NY,Midday,3,64,84,75
2024-09-30,GA,Evening,8,20,19,8
2024-09-30,TN,Evening,7,88,22,32
2024-09-30,FL,Evening,0,40,47,30
2024-09-30,NY,Evening,2,11,28,24
2024-09-30,NJ,Evening,9,75,58,70
2024-09-30,GA,Night,9,64,47,43
2024-10-01,TN,Morning,2,48,45,22
2024-10-01,GA,Midday,8,72,91,83
2024-10-01,NJ,Midday,4,25,90,16
2024-10-01,TN,Midday,5,3,22,59
2024-10-01,FL,Midday,8,17,14,40
2024-10-01,NY,Midday,9,28,92,25
2024-10-01,GA,Evening,9,15,82,93
2024-10-01,TN,Evening,3,11,82,97
2024-10-01,FL,Evening,7,44,47,52
2024-10-01,NY,Evening,0,26,20,4
2024-10-01,NJ,Evening,9,67,66,79
2024-10-01,GA,Night,5,70,0,87
2024-10-02,TN,Morning,4,25,91,97
2024-10-02,GA,Midday,3,38,30,68
2024-10-02,NJ,Midday,9,28,72,70
2024-10-02,TN,Midday,3,36,32,19
2024-10-02,FL,Midday,5,97,26,60
2024-10-02,NY,Midday,8,63,49,34
2024-10-02,GA,Evening,7,19,55,60
2024-10-02,TN,Evening,7,8,2,76
2024-10-02,FL,Evening,5,16,89,50
2024-10-02,NY,Evening,5,10,1,15
2024-10-02,NJ,Evening,0,99,38,96
2024-10-02,GA,Night,0,91,19,24
2024-10-03,TN,Morning,3,90,57,5
2024-10-03,GA,Midday,6,28,77,83
2024-10-03,NJ,Midday,7,26,30,97
2024-10-03,TN,Midday,2,8,82,81
2024-10-03,FL,Midday,4,45,3,29
2024-10-03,NY,Midday,7,6,60,29
2024-10-03,GA,Evening,6,30,52,29
2024-10-03,TN,Evening,6,44,11,46
2024-10-03,NY,Evening,3,16,49,20
2024-10-03,NJ,Evening,9,71,84,4
2024-10-03,GA,Night,9,50,86,88
2024-10-04,TN,Morning,3,75,75,52
2024-10-04,GA,Midday,1,76,84,44
2024-10-04,NJ,Midday,4,60,53,79
2024-10-04,TN,Midday,9,29,53,41
2024-10-04,FL,Midday,2,32,58,35
2024-10-04,NY,Midday,1,46,80,38
2024-10-04,GA,Evening,0,6,5,25
2024-10-04,TN,Evening,5,80,33,10
2024-10-04,FL,Evening,1,87,89,68
2024-10-04,NY,Evening,8,39,21,58
2024-10-04,NJ,Evening,9,52,52,56
2024-10-04,GA,Night,0,83,27,4
2024-10-05,TN,Morning,4,94,76,53
2024-10-05,GA,Midday,9,72,76,4
2024-10-05,NJ,Midday,8,56,82,37
2024-10-05,TN,Midday,9,65,85,60
2024-10-05,FL,Midday,4,44,92,10
2024-10-05,NY,Midday,7,54,76,93
2024-10-05,GA,Evening,6,23,12,80
2024-10-05,TN,Evening,6,33,3,67
2024-10-05,FL,Evening,5,96,39,73
2024-10-05,NY,Evening,5,45,12,87
2024-10-05,NJ,Evening,6,1,1,56
2024-10-05,GA,Night,2,75,30,48
2024-10-06,GA,Midday,2,74,57,37
2024-10-06,NJ,Midday,9,40,68,37
2024-10-06,FL,Midday,7,67,80,17
2024-10-06,NY,Midday,2,62,20,41
2024-10-06,GA,Evening,7,83,33,26
2024-10-06,TN,Evening,3,40,49,5
2024-10-06,FL,Evening,0,92,79,35
2024-10-06,NY,Evening,3,33,55,66
2024-10-06,NJ,Evening,4,90,28,8
2024-10-06,GA,Night,9,90,34,34
2024-10-07,TN,Morning,9,84,44,58
2024-10-07,GA,Midday,2,3,83,85
2024-10-07,NJ,Midday,3,33,13,96
2024-10-07,TN,Midday,6,64,92,28
2024-10-07,FL,Midday,5,1,6,21
2024-10-07,NY,Midday,4,99,84,56
2024-10-07,GA,Evening,7,75,12,38
2024-10-07,TN,Evening,0,63,96,31
2024-10-07,FL,Evening,7,54,41,2
2024-10-07,NY,Evening,2,57,73,85
2024-10-07,NJ,Evening,2,56,70,87
2024-10-07,GA,Night,3,85,94,99
2024-10-08,TN,Morning,5,80,67,30
2024-10-08,GA,Midday,4,43,9,24
2024-10-08,NJ,Midday,7,51,38,17
2024-10-08,TN,Midday,8,76,53,41
2024-10-08,FL,Midday,9,89,48,85
2024-10-08,NY,Midday,7,65,2,33
2024-10-08,GA,Evening,2,55,17,74
2024-10-08,TN,Evening,7,49,1,36
2024-10-08,FL,Evening,6,30,55,36
2024-10-08,NY,Evening,8,83,65,65
2024-10-08,NJ,Evening,4,80,6,27
2024-10-08,GA,Night,7,5,13,17
2024-10-09,TN,Morning,4,67,41,41
2024-10-09,GA,Midday,5,64,2,46
2024-10-09,NJ,Midday,4,34,61,50
2024-10-09,TN,Midday,7,23,78,76
2024-10-09,FL,Midday,7,30,7,62
2024-10-09,NY,Midday,4,36,58,90
2024-10-09,GA,Evening,7,85,26,11
2024-10-09,TN,Evening,9,78,32,63
2024-10-09,NY,Evening,1,68,91,35
2024-10-09,NJ,Evening,0,94,30,7
2024-10-09,GA,Night,8,43,55,80
2024-10-10,TN,Morning,5,51,57,85
2024-10-10,GA,Midday,6,61,50,54
2024-10-10,NJ,Midday,6,6,1,51
2024-10-10,TN,Midday,7,26,25,38
2024-10-10,FL,Midday,3,16,1,19
2024-10-10,NY,Midday,2,65,80,31
2024-10-10,GA,Evening,1,17,55,28
2024-10-10,TN,Evening,8,89,75,97
2024-10-10,FL,Evening,1,10,41,54
2024-10-10,NY,Evening,0,23,95,60
2024-10-10,NJ,Evening,2,62,51,47
2024-10-10,GA,Night,6,83,82,7
2024-10-11,TN,Morning,5,26,4,30
2024-10-11,GA,Midday,5,80,26,86
2024-10-11,NJ,Midday,2,88,57,9
2024-10-11,TN,Midday,1,45,90,33
2024-10-11,FL,Midday,0,93,29,50
2024-10-11,NY,Midday,1,65,72,21
2024-10-11,GA,Evening,4,93,26,65
2024-10-11,TN,Evening,0,50,66,0
2024-10-11,FL,Evening,5,32,50,76
2024-10-11,NY,Evening,7,49,99,36
2024-10-11,NJ,Evening,2,65,2,71
2024-10-11,GA,Night,9,63,11,16
2024-10-12,TN,Morning,3,47,14,90
2024-10-12,GA,Midday,2,11,18,21
2024-10-12,NJ,Midday,2,27,32,28
2024-10-12,TN,Midday,2,36,28,4
2024-10-12,FL,Midday,4,91,16,23
2024-10-12,NY,Midday,6,91,16,14
2024-10-12,GA,Evening,6,93,18,98
2024-10-12,TN,Evening,6,91,1,92
2024-10-12,FL,Evening,9,5,33,58
2024-10-12,NY,Evening,0,27,22,6
2024-10-12,NJ,Evening,9,73,55,97
2024-10-12,GA,Night,5,32,23,51
2024-10-13,GA,Midday,9,5,6,11
2024-10-13,NJ,Midday,5,13,29,97
2024-10-13,FL,Midday,0,19,57,35
2024-10-13,NY,Midday,7,4,96,76
2024-10-13,GA,Evening,5,83,24,3
2024-10-13,TN,Evening,7,60,40,62
2024-10-13,FL,Evening,2,82,32,94
2024-10-13,NY,Evening,6,79,39,85
2024-10-13,NJ,Evening,3,32,58,48
2024-10-13,GA,Night,6,0,86,14
2024-10-14,TN,Morning,4,5,95,22
2024-10-14,GA,Midday,9,92,26,71
2024-10-14,NJ,Midday,4,64,71,5
2024-10-14,TN,Midday,9,23,12,74
2024-10-14,FL,Midday,3,50,38,60
2024-10-14,NY,Midday,3,32,24,47
2024-10-14,GA,Evening,3,27,62,5
2024-10-14,TN,Evening,1,40,78,27
2024-10-14,FL,Evening,8,36,36,97
2024-10-14,NY,Evening,1,30,42,55
2024-10-14,NJ,Evening,3,84,90,15
2024-10-14,GA,Night,9,2,93,28
2024-10-15,TN,Morning,7,16,44,68
2024-10-15,GA,Midday,8,76,97,14
2024-10-15,NJ,Midday,5,82,86,87
2024-10-15,TN,Midday,2,10,82,12
2024-10-15,FL,Midday,8,81,88,66
2024-10-15,NY,Midday,1,73,32,15
2024-10-15,GA,Evening,5,2,99,85
2024-10-15,TN,Evening,8,66,40,80
2024-10-15,NY,Evening,9,71,55,39
2024-10-15,NJ,Evening,2,66,74,8
2024-10-15,GA,Night,6,14,9,64
2024-10-16,TN,Morning,8,35,25,25
2024-10-16,GA,Midday,7,49,29,67
2024-10-16,NJ,Midday,6,96,68,93
2024-10-16,TN,Midday,1,60,40,93
2024-10-16,FL,Midday,6,41,5,19
2024-10-16,NY,Midday,5,48,61,43
2024-10-16,GA,Evening,3,84,68,5
2024-10-16,TN,Evening,1,4,94,58
2024-10-16,FL,Evening,1,50,72,92
2024-10-16,NY,Evening,6,43,42,82
2024-10-16,NJ,Evening,3,94,90,75
2024-10-16,GA,Night,7,23,19,27
2024-10-17,TN,Morning,8,12,98,91
2024-10-17,GA,Midday,7,38,97,59
2024-10-17,NJ,Midday,0,92,28,76
2024-10-17,TN,Midday,6,25,44,3
2024-10-17,FL,Midday,3,31,10,28
2024-10-17,NY,Midday,2,20,65,56
2024-10-17,GA,Evening,6,21,32,26
2024-10-17,TN,Evening,1,40,13,37
2024-10-17,FL,Evening,9,29,77,83
2024-10-17,NY,Evening,7,82,1,48
2024-10-17,NJ,Evening,2,71,78,69
2024-10-17,GA,Night,0,61,33,56
2024-10-18,TN,Morning,8,66,32,43
2024-10-18,GA,Midday,0,49,21,89
2024-10-18,NJ,Midday,6,62,47,22
2024-10-18,TN,Midday,8,82,59,35
2024-10-18,FL,Midday,9,91,10,28
2024-10-18,NY,Midday,1,70,14,87
2024-10-18,GA,Evening,9,79,41,24
2024-10-18,TN,Evening,4,13,56,80
2024-10-18,FL,Evening,7,76,20,8
2024-10-18,NY,Evening,3,19,10,23
2024-10-18,NJ,Evening,6,56,97,91
2024-10-18,GA,Night,9,52,95,56
2024-10-19,TN,Morning,2,61,96,32
2024-10-19,GA,Midday,1,77,6,64
2024-10-19,NJ,Midday,0,55,52,5
2024-10-19,TN,Midday,6,8,79,36
2024-10-19,FL,Midday,2,17,93,94
2024-10-19,NY,Midday,3,25,16,25
2024-10-19,GA,Evening,6,67,71,56
2024-10-19,TN,Evening,4,72,54,97
2024-10-19,FL,Evening,4,72,51,83
2024-10-19,NY,Evening,4,94,75,71
2024-10-19,NJ,Evening,8,18,25,90
2024-10-19,GA,Night,7,17,5,47
2024-10-20,GA,Midday,5,81,99,74
2024-10-20,NJ,Midday,5,33,22,41
2024-10-20,FL,Midday,3,12,54,47
2024-10-20,NY,Midday,9,51,63,4
2024-10-20,GA,Evening,7,69,36,94
2024-10-20,TN,Evening,1,18,18,74
2024-10-20,FL,Evening,3,97,13,93
2024-10-20,NY,Evening,5,49,60,96
2024-10-20,NJ,Evening,5,12,55,42
2024-10-20,GA,Night,5,43,14,36
2024-10-21,TN,Morning,0,19,14,52
2024-10-21,GA,Midday,1,91,9,50
2024-10-21,NJ,Midday,4,36,38,26
2024-10-21,TN,Midday,0,82,53,92
2024-10-21,FL,Midday,4,15,20,73
2024-10-21,NY,Midday,7,95,90,8
2024-10-21,GA,Evening,1,15,64,12
2024-10-21,TN,Evening,5,96,51,69
2024-10-21,FL,Evening,1,64,2,93
2024-10-21,NY,Evening,5,33,63,8
2024-10-21,NJ,Evening,9,50,88,76
2024-10-21,GA,Night,5,28,45,78
2024-10-22,TN,Morning,8,20,94,25
2024-10-22,GA,Midday,3,64,98,67
2024-10-22,NJ,Midday,6,59,67,75
2024-10-22,TN,Midday,8,26,17,98
2024-10-22,FL,Midday,5,27,77,47
2024-10-22,NY,Midday,3,7,53,67
2024-10-22,GA,Evening,9,8,2,86
2024-10-22,TN,Evening,4,43,11,89
2024-10-22,FL,Evening,1,18,45,14
2024-10-22,NY,Evening,3,30,94,28
2024-10-22,NJ,Evening,8,54,15,88
2024-10-22,GA,Night,6,56,6,81
2024-10-23,TN,Morning,2,63,79,29
2024-10-23,GA,Midday,8,87,90,42
2024-10-23,NJ,Midday,9,52,32,55
2024-10-23,TN,Midday,8,7,36,48
2024-10-23,FL,Midday,5,51,84,45
2024-10-23,NY,Midday,9,98,42,12
2024-10-23,GA,Evening,5,0,55,31
2024-10-23,TN,Evening,7,81,71,39
2024-10-23,FL,Evening,2,82,64,72
2024-10-23,NY,Evening,0,22,74,7
2024-10-23,NJ,Evening,6,80,65,9
2024-10-23,GA,Night,7,14,87,82
2024-10-24,TN,Morning,9,45,75,57
2024-10-24,GA,Midday,3,21,30,78
2024-10-24,NJ,Midday,8,27,47,66
2024-10-24,TN,Midday,4,75,15,9
2024-10-24,FL,Midday,6,93,35,96
2024-10-24,NY,Midday,0,2,47,98
2024-10-24,GA,Evening,8,15,38,48
2024-10-24,TN,Evening,6,21,24,20
2024-10-24,FL,Evening,4,72,44,39
2024-10-24,NY,Evening,3,38,43,57
2024-10-24,NJ,Evening,6,29,67,51
2024-10-24,GA,Night,6,11,58,5
2024-10-25,TN,Morning,3,33,8,52
2024-10-25,GA,Midday,6,39,22,10
2024-10-25,NJ,Midday,3,15,87,50
2024-10-25,TN,Midday,7,59,28,45
2024-10-25,FL,Midday,6,84,34,96
2024-10-25,NY,Midday,0,40,53,60
2024-10-25,GA,Evening,4,69,56,95
2024-10-25,TN,Evening,5,51,77,8
2024-10-25,FL,Evening,3,32,9,65
2024-10-25,NY,Evening,0,69,6,57
2024-10-25,NJ,Evening,4,74,24,82
2024-10-25,GA,Night,2,82,45,18
2024-10-26,TN,Morning,6,43,81,17
2024-10-26,GA,Midday,5,35,55,20
2024-10-26,NJ,Midday,6,76,43,17
2024-10-26,TN,Midday,1,10,21,84
2024-10-26,FL,Midday,0,99,35,51
2024-10-26,NY,Midday,1,68,3,1
2024-10-26,GA,Evening,8,48,44,27
2024-10-26,TN,Evening,3,64,54,34
2024-10-26,FL,Evening,5,93,85,91
2024-10-26,NY,Evening,2,76,49,12
2024-10-26,NJ,Evening,9,44,26,94
2024-10-26,GA,Night,1,87,75,54
2024-10-27,GA,Midday,0,72,59,38
2024-10-27,NJ,Midday,5,15,40,91
2024-10-27,FL,Midday,3,32,13,82
2024-10-27,NY,Midday,4,85,97,38
2024-10-27,GA,Evening,5,99,78,48
2024-10-27,TN,Evening,3,71,14,43
2024-10-27,FL,Evening,1,88,20,29
2024-10-27,NY,Evening,4,96,28,92
2024-10-27,NJ,Evening,6,32,45,31
2024-10-27,GA,Night,2,27,84,93
2024-10-28,TN,Morning,6,16,81,98
2024-10-28,GA,Midday,2,70,62,77
2024-10-28,NJ,Midday,1,98,77,87
2024-10-28,TN,Midday,2,24,87,88
2024-10-28,FL,Midday,1,80,98,84
2024-10-28,NY,Midday,6,69,40,96
2024-10-28,GA,Evening,3,51,76,52
2024-10-28,TN,Evening,2,63,29,43
2024-10-28,FL,Evening,4,33,75,54
2024-10-28,NY,Evening,3,56,78,56
2024-10-28,NJ,Evening,4,77,72,70
2024-10-28,GA,Night,5,36,51,94
2024-10-29,TN,Morning,9,97,48,67
2024-10-29,GA,Midday,4,3,43,5
2024-10-29,NJ,Midday,9,65,90,86
2024-10-29,TN,Midday,6,20,34,97
2024-10-29,FL,Midday,0,12,89,92
2024-10-29,NY,Midday,2,38,97,25
2024-10-29,GA,Evening,3,63,50,38
2024-10-29,TN,Evening,5,44,15,69
2024-10-29,FL,Evening,0,68,42,27
2024-10-29,NY,Evening,8,5,8,34
2024-10-29,NJ,Evening,0,56,44,10
2024-10-29,GA,Night,9,51,61,80
2024-10-30,TN,Morning,2,64,11,32
2024-10-30,GA,Midday,2,15,47,32
2024-10-30,NJ,Midday,6,14,85,73
2024-10-30,TN,Midday,5,55,36,70
2024-10-30,FL,Midday,2,15,66,42
2024-10-30,NY,Midday,2,12,96,12
2024-10-30,GA,Evening,3,5,52,73
2024-10-30,TN,Evening,6,60,37,56
2024-10-30,NY,Evening,9,87,26,86
2024-10-30,NJ,Evening,7,14,31,39
2024-10-30,GA,Night,0,1,94,88
2024-10-31,TN,Morning,1,10,54,5
2024-10-31,GA,Midday,2,16,33,5
2024-10-31,NJ,Midday,6,41,3,54
2024-10-31,TN,Midday,2,16,41,57
2024-10-31,FL,Midday,0,14,46,80
2024-10-31,NY,Midday,5,24,4,89
2024-10-31,GA,Evening,2,3,89,68
2024-10-31,TN,Evening,1,34,1,99
2024-10-31,FL,Evening,8,45,31,68
2024-10-31,NY,Evening,4,4,12,93
2024-10-31,NJ,Evening,7,78,90,95
2024-10-31,GA,Night,5,28,88,45
2024-11-01,TN,Morning,6,53,46,56
2024-11-01,GA,Midday,1,54,13,87
2024-11-01,NJ,Midday,9,79,31,96
2024-11-01,TN,Midday,2,24,35,86
2024-11-01,FL,Midday,0,45,30,10
2024-11-01,NY,Midday,6,94,80,16
2024-11-01,GA,Evening,2,10,84,87
2024-11-01,TN,Evening,8,50,70,49
2024-11-01,FL,Evening,9,59,2,50
2024-11-01,NY,Evening,9,11,86,28
2024-11-01,NJ,Evening,6,93,17,73
2024-11-01,GA,Night,5,45,92,43
2024-11-02,TN,Morning,6,74,30,4
2024-11-02,GA,Midday,5,5,15,27
2024-11-02,NJ,Midday,9,64,94,75
2024-11-02,TN,Midday,7,93,9,66
2024-11-02,FL,Midday,2,91,87,51
2024-11-02,NY,Midday,4,30,95,42
2024-11-02,GA,Evening,2,13,94,58
2024-11-02,TN,Evening,1,53,23,79
2024-11-02,FL,Evening,7,95,44,53
2024-11-02,NY,Evening,6,36,25,46
2024-11-02,NJ,Evening,4,94,21,55
2024-11-02,GA,Night,2,16,15,15
2024-11-03,GA,Midday,3,81,79,15
2024-11-03,NJ,Midday,2,52,70,35
2024-11-03,FL,Midday,6,91,69,60
2024-11-03,NY,Midday,9,46,44,57
2024-11-03,GA,Evening,3,71,59,78
2024-11-03,TN,Evening,5,24,18,35
2024-11-03,FL,Evening,3,76,83,89
2024-11-03,NY,Evening,9,93,68,81
2024-11-03,NJ,Evening,1,43,89,29
2024-11-03,GA,Night,3,37,38,68
2024-11-04,TN,Morning,0,25,53,39
2024-11-04,GA,Midday,9,43,14,49
2024-11-04,NJ,Midday,9,96,51,63
2024-11-04,TN,Midday,5,92,69,74
2024-11-04,FL,Midday,0,29,70,65
2024-11-04,NY,Midday,6,58,12,12
2024-11-04,GA,Evening,6,1,96,33
2024-11-04,TN,Evening,9,32,53,76
2024-11-04,FL,Evening,8,61,32,83
2024-11-04,NY,Evening,5,75,5,90
2024-11-04,NJ,Evening,4,57,66,24
2024-11-04,GA,Night,9,83,15,39
2024-11-05,TN,Morning,2,39,68,56
2024-11-05,GA,Midday,3,50,78,14
2024-11-05,NJ,Midday,4,71,1,96
2024-11-05,TN,Midday,7,94,2,22
2024-11-05,FL,Midday,1,82,46,22
2024-11-05,NY,Midday,0,48,43,83
2024-11-05,GA,Evening,0,12,92,57
2024-11-05,TN,Evening,4,78,5,21
2024-11-05,FL,Evening,7,95,91,70
2024-11-05,NY,Evening,3,15,51,11
2024-11-05,NJ,Evening,7,62,46,1
2024-11-05,GA,Night,1,25,93,75
2024-11-06,TN,Morning,0,16,29,73
2024-11-06,GA,Midday,3,90,48,65
2024-11-06,NJ,Midday,6,49,40,75
2024-11-06,TN,Midday,7,16,42,44
2024-11-06,FL,Midday,2,84,42,45
2024-11-06,NY,Midday,1,51,78,60
2024-11-06,GA,Evening,1,68,28,50
2024-11-06,TN,Evening,5,79,22,53
2024-11-06,FL,Evening,8,2,29,39
2024-11-06,NY,Evening,7,34,54,47
2024-11-06,NJ,Evening,6,37,53,5
2024-11-06,GA,Night,9,20,13,41
2024-11-07,TN,Morning,3,24,23,37
2024-11-07,GA,Midday,6,15,26,79
2024-11-07,NJ,Midday,8,51,97,67
2024-11-07,TN,Midday,8,99,26,52
2024-11-07,FL,Midday,7,63,61,16
2024-11-07,NY,Midday,0,92,99,99
2024-11-07,GA,Evening,0,96,36,76
2024-11-07,TN,Evening,4,69,92,0
2024-11-07,FL,Evening,6,86,74,33
2024-11-07,NY,Evening,3,33,1,15
2024-11-07,NJ,Evening,9,99,74,22
2024-11-07,GA,Night,3,73,49,78
2024-11-08,TN,Morning,1,88,31,87
2024-11-08,GA,Midday,9,44,0,31
2024-11-08,NJ,Midday,0,10,2,39
2024-11-08,TN,Midday,6,20,69,80
2024-11-08,FL,Midday,5,4,95,46
2024-11-08,NY,Midday,5,73,99,0
2024-11-08,GA,Evening,5,56,98,74
2024-11-08,TN,Evening,4,38,56,46
2024-11-08,FL,Evening,6,21,36,58
2024-11-08,NY,Evening,5,14,64,22
2024-11-08,NJ,Evening,5,45,42,93
2024-11-08,GA,Night,2,42,59,86
2024-11-09,TN,Morning,7,34,52,73
2024-11-09,GA,Midday,0,68,16,40
2024-11-09,NJ,Midday,2,35,64,43
2024-11-09,TN,Midday,4,9,6,24
2024-11-09,FL,Midday,0,43,57,44
2024-11-09,NY,Midday,6,37,5,22
2024-11-09,GA,Evening,2,96,92,38
2024-11-09,TN,Evening,4,0,21,81
2024-11-09,FL,Evening,3,53,12,35
2024-11-09,NY,Evening,9,28,27,70
2024-11-09,NJ,Evening,6,61,1,25
2024-11-09,GA,Night,9,64,61,15
2024-11-10,GA,Midday,5,30,19,13
2024-11-10,NJ,Midday,5,85,60,63
2024-11-10,FL,Midday,5,65,10,84
2024-11-10,NY,Midday,6,57,35,66
2024-11-10,GA,Evening,4,48,44,43
2024-11-10,TN,Evening,0,15,46,22
2024-11-10,FL,Evening,3,77,82,50
2024-11-10,NY,Evening,5,78,5,18
2024-11-10,NJ,Evening,2,92,36,21
2024-11-10,GA,Night,7,19,19,31
2024-11-11,TN,Morning,2,11,35,45
2024-11-11,GA,Midday,8,79,60,84
2024-11-11,NJ,Midday,6,13,88,23
2024-11-11,TN,Midday,0,96,94,43
2024-11-11,FL,Midday,7,5,37,30
2024-11-11,NY,Midday,9,59,2,38
2024-11-11,GA,Evening,5,81,88,89
2024-11-11,TN,Evening,9,75,74,84
2024-11-11,FL,Evening,5,32,8,64
2024-11-11,NY,Evening,4,54,25,53
2024-11-11,NJ,Evening,1,35,17,59
2024-11-11,GA,Night,5,67,44,46
2024-11-12,TN,Morning,8,28,86,75
2024-11-12,GA,Midday,5,93,79,94
2024-11-12,NJ,Midday,8,43,48,53
2024-11-12,TN,Midday,2,67,3,78
2024-11-12,FL,Midday,0,50,60,31
2024-11-12,NY,Midday,3,67,60,30
2024-11-12,GA,Evening,2,65,89,67
2024-11-12,TN,Evening,4,12,52,40
2024-11-12,FL,Evening,6,31,79,39
2024-11-12,NY,Evening,8,82,13,5
2024-11-12,NJ,Evening,3,9,71,90
2024-11-12,GA,Night,7,77,20,17
2024-11-13,TN,Morning,6,62,35,99
2024-11-13,GA,Midday,4,89,82,11
2024-11-13,NJ,Midday,6,38,91,73
2024-11-13,TN,Midday,5,98,17,74
2024-11-13,FL,Midday,5,95,15,59
2024-11-13,NY,Midday,7,50,59,90
2024-11-13,GA,Evening,8,34,63,71
2024-11-13,TN,Evening,9,31,87,87
2024-11-13,FL,Evening,9,56,40,81
2024-11-13,NY,Evening,8,17,44,9
2024-11-13,NJ,Evening,4,37,91,35
2024-11-13,GA,Night,4,95,36,41
2024-11-14,TN,Morning,7,38,47,37
2024-11-14,GA,Midday,9,39,96,42
2024-11-14,NJ,Midday,3,41,96,56
2024-11-14,TN,Midday,9,52,54,25
2024-11-14,FL,Midday,1,0,88,91
2024-11-14,NY,Midday,6,95,2,60
2024-11-14,GA,Evening,6,47,69,50
2024-11-14,FL,Evening,9,71,31,33
2024-11-14,NY,Evening,7,96,94,24
2024-11-14,NJ,Evening,9,45,32,59
2024-11-14,GA,Night,5,80,96,16
2024-11-15,TN,Morning,0,59,1,72
2024-11-15,GA,Midday,6,88,33,87
2024-11-15,NJ,Midday,1,89,91,95
2024-11-15,TN,Midday,6,36,52,96
2024-11-15,FL,Midday,6,67,78,62
2024-11-15,NY,Midday,9,5,86,85
2024-11-15,GA,Evening,5,38,74,53
2024-11-15,TN,Evening,9,26,93,96
2024-11-15,NY,Evening,8,83,72,94
2024-11-15,NJ,Evening,3,84,67,14
2024-11-15,GA,Night,6,90,50,19
2024-11-16,TN,Morning,4,28,36,0
2024-11-16,GA,Midday,1,59,46,92
2024-11-16,NJ,Midday,5,32,15,24
2024-11-16,TN,Midday,0,17,31,97
2024-11-16,FL,Midday,5,98,88,9
2024-11-16,NY,Midday,2,18,2,22
2024-11-16,GA,Evening,1,28,68,35
2024-11-16,TN,Evening,0,98,29,79
2024-11-16,FL,Evening,2,13,98,34
2024-11-16,NY,Evening,4,40,22,44
2024-11-16,NJ,Evening,3,27,95,7
2024-11-16,GA,Night,0,80,36,92
2024-11-17,GA,Midday,9,42,37,84
2024-11-17,NJ,Midday,0,40,83,80
2024-11-17,FL,Midday,5,9,17,24
2024-11-17,NY,Midday,8,18,87,66
2024-11-17,GA,Evening,2,26,11,50
2024-11-17,TN,Evening,6,94,78,69
2024-11-17,FL,Evening,4,34,66,90
2024-11-17,NY,Evening,2,63,43,40
2024-11-17,NJ,Evening,4,68,67,58
2024-11-17,GA,Night,4,83,3,38
2024-11-18,TN,Morning,5,87,98,80
2024-11-18,GA,Midday,3,73,94,91
2024-11-18,NJ,Midday,0,76,83,71
2024-11-18,TN,Midday,0,68,44,89
2024-11-18,FL,Midday,7,15,28,57
2024-11-18,NY,Midday,3,60,47,82
2024-11-18,GA,Evening,3,38,44,63
2024-11-18,TN,Evening,3,88,98,47
2024-11-18,FL,Evening,5,79,24,77
2024-11-18,NY,Evening,4,39,63,53
2024-11-18,NJ,Evening,8,59,73,15
2024-11-18,GA,Night,2,53,97,28
2024-11-19,TN,Morning,9,13,62,94
2024-11-19,GA,Midday,2,63,95,13
2024-11-19,NJ,Midday,0,46,84,46
2024-11-19,TN,Midday,4,63,70,47
2024-11-19,FL,Midday,7,99,97,94
2024-11-19,NY,Midday,0,2,29,76
2024-11-19,GA,Evening,3,60,42,63
2024-11-19,TN,Evening,7,51,81,4
2024-11-19,FL,Evening,9,91,56,8
2024-11-19,NY,Evening,3,5,90,65
2024-11-19,NJ,Evening,5,26,22,89
2024-11-19,GA,Night,6,34,28,59
2024-11-20,TN,Morning,9,4,30,32
2024-11-20,GA,Midday,4,87,50,53
2024-11-20,NJ,Midday,8,30,51,32
2024-11-20,TN,Midday,9,55,81,47
2024-11-20,NY,Midday,7,0,75,50
2024-11-20,GA,Evening,6,54,19,37
2024-11-20,TN,Evening,1,46,61,48
2024-11-20,NY,Evening,5,17,4,18
2024-11-20,NJ,Evening,4,23,27,30
2024-11-20,GA,Night,1,72,23,11
2024-11-21,TN,Morning,4,30,48,61
2024-11-21,GA,Midday,8,14,17,95
2024-11-21,NJ,Midday,7,7,38,1
2024-11-21,TN,Midday,2,79,17,10
2024-11-21,FL,Midday,5,66,66,92
2024-11-21,NY,Midday,2,72,59,64
2024-11-21,GA,Evening,9,22,83,4
2024-11-21,TN,Evening,1,54,72,59
2024-11-21,NY,Evening,9,74,36,60
2024-11-21,NJ,Evening,1,33,53,45
2024-11-21,GA,Night,8,53,94,33
2024-11-22,TN,Morning,9,35,90,52
2024-11-22,GA,Midday,4,54,91,99
2024-11-22,NJ,Midday,6,13,34,28
2024-11-22,TN,Midday,4,84,85,13
2024-11-22,FL,Midday,5,33,76,82
2024-11-22,NY,Midday,6,20,45,24
2024-11-22,GA,Evening,1,94,66,59
2024-11-22,TN,Evening,3,17,96,5
2024-11-22,FL,Evening,2,36,96,17
2024-11-22,NY,Evening,1,41,44,65
2024-11-22,NJ,Evening,3,19,39,4
2024-11-22,GA,Night,4,92,95,3
2024-11-23,TN,Morning,0,58,23,14
2024-11-23,GA,Midday,5,50,26,69
2024-11-23,TN,Midday,8,45,69,18
2024-11-23,NY,Midday,3,24,81,13
2024-11-23,GA,Evening,4,73,55,59
2024-11-23,TN,Evening,9,64,55,60
2024-11-23,NY,Evening,7,45,11,7
2024-11-23,GA,Night,2,73,56,41
2024-11-24,GA,Midday,5,21,52,24
2024-11-24,NJ,Midday,4,29,45,62
2024-11-24,FL,Midday,1,15,70,25
2024-11-24,NY,Midday,2,59,37,48
2024-11-24,GA,Evening,7,92,34,45
2024-11-24,NY,Evening,7,49,9,9
2024-11-24,NJ,Evening,2,77,98,56
2024-11-24,GA,Night,1,35,18,57
2024-11-25,TN,Morning,1,55,29,49
2024-11-25,GA,Midday,3,99,80,49
2024-11-25,NJ,Midday,6,85,93,45
2024-11-25,TN,Midday,6,52,33,34
2024-11-25,FL,Midday,9,15,50,40
2024-11-25,NY,Midday,6,82,9,64
2024-11-25,GA,Evening,5,61,6,84
2024-11-25,TN,Evening,6,39,63,4
2024-11-25,FL,Evening,0,84,21,18
2024-11-25,NY,Evening,5,10,38,65
2024-11-25,NJ,Evening,6,7,46,12
2024-11-25,GA,Night,9,6,47,44
2024-11-26,TN,Morning,7,44,71,91
2024-11-26,GA,Midday,0,20,90,91
2024-11-26,NJ,Midday,2,45,90,33
2024-11-26,TN,Midday,2,74,22,64
2024-11-26,FL,Midday,1,23,87,14
2024-11-26,NY,Midday,3,97,43,39
2024-11-26,GA,Evening,7,1,48,12
2024-11-26,TN,Evening,1,88,62,62
2024-11-26,FL,Evening,4,54,19,46
2024-11-26,NY,Evening,7,40,57,33
2024-11-26,NJ,Evening,0,73,50,15
2024-11-26,GA,Night,8,8,27,5
2024-11-27,TN,Morning,6,41,30,4
2024-11-27,GA,Midday,0,43,79,1
2024-11-27,NJ,Midday,9,1,88,71
2024-11-27,TN,Midday,2,35,9,47
2024-11-27,FL,Midday,3,12,57,31
2024-11-27,NY,Midday,8,61,98,66
2024-11-27,GA,Evening,0,83,91,28
2024-11-27,TN,Evening,1,20,96,31
2024-11-27,FL,Evening,2,43,82,45
2024-11-27,NY,Evening,7,62,61,67
2024-11-27,NJ,Evening,9,45,94,88
2024-11-27,GA,Night,6,41,21,12
2024-11-28,TN,Morning,5,32,33,67
2024-11-28,GA,Midday,1,39,67,7
2024-11-28,NJ,Midday,7,71,38,26
2024-11-28,TN,Midday,1,84,95,96
2024-11-28,FL,Midday,5,18,59,60
2024-11-28,NY,Midday,5,74,18,86
2024-11-28,GA,Evening,2,18,59,52
2024-11-28,TN,Evening,6,54,86,76
2024-11-28,FL,Evening,6,61,52,49
2024-11-28,NY,Evening,3,5,2,66
2024-11-28,NJ,Evening,0,36,70,82
2024-11-28,GA,Night,0,74,3,12
2024-11-29,TN,Morning,1,28,43,87
2024-11-29,GA,Midday,4,45,69,7
2024-11-29,NJ,Midday,6,83,99,63
2024-11-29,TN,Midday,0,44,3,46
2024-11-29,FL,Midday,0,28,27,98
2024-11-29,NY,Midday,3,35,96,88
2024-11-29,GA,Evening,1,37,53,87
2024-11-29,TN,Evening,9,58,2,70
2024-11-29,NY,Evening,2,40,66,77
2024-11-29,NJ,Evening,9,31,22,88
2024-11-29,GA,Night,1,30,91,62
2024-11-30,TN,Morning,3,19,87,45
2024-11-30,GA,Midday,2,27,83,80
2024-11-30,NJ,Midday,5,96,31,92
2024-11-30,TN,Midday,5,62,32,21
2024-11-30,FL,Midday,0,94,6,28
2024-11-30,NY,Midday,3,7,57,16
2024-11-30,GA,Evening,1,54,40,68
2024-11-30,TN,Evening,9,40,67,3
2024-11-30,FL,Evening,3,70,99,4
2024-11-30,NY,Evening,2,39,41,56
2024-11-30,NJ,Evening,1,19,28,49
2024-11-30,GA,Night,1,84,80,3
2024-12-01,GA,Midday,0,59,28,26
2024-12-01,NJ,Midday,3,20,81,7
2024-12-01,FL,Midday,7,18,42,85
2024-12-01,NY,Midday,8,72,19,88
2024-12-01,GA,Evening,9,78,90,19
2024-12-01,TN,Evening,6,42,14,14
2024-12-01,FL,Evening,0,26,76,60
2024-12-01,NY,Evening,1,39,54,90
2024-12-01,NJ,Evening,8,85,39,76
2024-12-01,GA,Night,8,35,4,63
2024-12-02,TN,Morning,0,97,89,47
2024-12-02,GA,Midday,6,31,58,16
2024-12-02,NJ,Midday,7,85,28,82
2024-12-02,TN,Midday,5,25,37,58
2024-12-02,FL,Midday,1,35,63,63
2024-12-02,NY,Midday,1,2,24,40
2024-12-02,GA,Evening,8,9,94,7
2024-12-02,TN,Evening,7,47,73,45
2024-12-02,FL,Evening,0,40,81,5
2024-12-02,NY,Evening,5,19,15,33
2024-12-02,NJ,Evening,7,3,38,39
2024-12-02,GA,Night,9,68,64,58
2024-12-03,TN,Morning,4,58,2,25
2024-12-03,GA,Midday,8,12,27,19
2024-12-03,NJ,Midday,5,70,92,58
2024-12-03,TN,Midday,3,8,48,93
2024-12-03,FL,Midday,7,53,67,71
2024-12-03,NY,Midday,7,57,24,26
2024-12-03,GA,Evening,1,29,47,57
2024-12-03,TN,Evening,9,57,7,93
2024-12-03,FL,Evening,8,35,18,45
2024-12-03,NY,Evening,6,46,40,91
2024-12-03,NJ,Evening,0,78,41,89
2024-12-03,GA,Night,9,22,78,66
2024-12-04,TN,Morning,2,32,26,25
2024-12-04,GA,Midday,8,30,19,51
2024-12-04,NJ,Midday,6,89,12,95
2024-12-04,TN,Midday,4,93,13,29
2024-12-04,FL,Midday,7,6,65,23
2024-12-04,NY,Midday,5,22,41,77
2024-12-04,GA,Evening,6,69,0,93
2024-12-04,TN,Evening,3,0,43,82
2024-12-04,FL,Evening,0,99,6,58
2024-12-04,NY,Evening,9,94,79,85
2024-12-04,NJ,Evening,4,53,63,73
2024-12-04,GA,Night,5,55,70,48
2024-12-05,TN,Morning,5,9,54,51
2024-12-05,GA,Midday,6,72,32,50
2024-12-05,NJ,Midday,3,73,36,85
2024-12-05,TN,Midday,7,66,60,11
2024-12-05,FL,Midday,4,40,38,86
2024-12-05,NY,Midday,3,34,36,66
2024-12-05,GA,Evening,6,64,2,35
2024-12-05,TN,Evening,5,82,11,57
2024-12-05,NY,Evening,1,99,4,31
2024-12-05,NJ,Evening,7,55,85,67
2024-12-05,GA,Night,9,96,42,38
2024-12-06,TN,Morning,2,98,33,42
2024-12-06,GA,Midday,2,87,20,21
2024-12-06,NJ,Midday,1,33,5,20
2024-12-06,TN,Midday,0,62,36,92
2024-12-06,FL,Midday,7,80,58,44
2024-12-06,NY,Midday,7,92,33,12
2024-12-06,GA,Evening,7,82,21,89
2024-12-06,TN,Evening,9,19,60,50
2024-12-06,FL,Evening,8,78,25,26
2024-12-06,NY,Evening,0,33,58,86
2024-12-06,NJ,Evening,9,97,17,56
2024-12-06,GA,Night,7,63,91,22
2024-12-07,TN,Morning,1,17,67,40
2024-12-07,GA,Midday,9,96,78,62
2024-12-07,NJ,Midday,9,45,70,48
2024-12-07,TN,Midday,4,20,6,56
2024-12-07,FL,Midday,8,69,10,68
2024-12-07,NY,Midday,4,92,30,70
2024-12-07,GA,Evening,1,99,47,15
2024-12-07,TN,Evening,1,55,52,4
2024-12-07,FL,Evening,5,24,17,48
2024-12-07,NY,Evening,3,60,88,47
2024-12-07,NJ,Evening,5,63,27,10
2024-12-07,GA,Night,4,10,68,78
2024-12-08,GA,Midday,5,25,17,25
2024-12-08,NJ,Midday,1,69,10,99
2024-12-08,FL,Midday,9,30,46,17
2024-12-08,NY,Midday,2,22,15,64
2024-12-08,GA,Evening,7,15,88,75
2024-12-08,TN,Evening,7,89,21,95
2024-12-08,NY,Evening,9,34,47,1
2024-12-08,NJ,Evening,8,93,77,77
2024-12-08,GA,Night,2,18,81,52
2024-12-09,TN,Morning,7,40,13,29
2024-12-09,GA,Midday,3,58,34,43
2024-12-09,NJ,Midday,4,85,55,80
2024-12-09,TN,Midday,3,24,51,51
2024-12-09,FL,Midday,9,80,94,21
2024-12-09,NY,Midday,7,24,62,29
2024-12-09,GA,Evening,4,32,81,11
2024-12-09,TN,Evening,7,55,57,94
2024-12-09,FL,Evening,8,40,70,7
2024-12-09,NY,Evening,0,60,89,76
2024-12-09,NJ,Evening,8,19,1,68
2024-12-09,GA,Night,4,23,33,34
2024-12-10,TN,Morning,9,7,15,45
2024-12-10,GA,Midday,9,34,40,96
2024-12-10,NJ,Midday,2,28,31,69
2024-12-10,TN,Midday,1,4,25,12
2024-12-10,FL,Midday,0,65,82,58
2024-12-10,NY,Midday,7,13,46,69
2024-12-10,GA,Evening,3,99,82,0
2024-12-10,TN,Evening,3,69,33,90
2024-12-10,FL,Evening,3,77,44,33
2024-12-10,NY,Evening,8,72,10,45
2024-12-10,NJ,Evening,0,77,20,95
2024-12-10,GA,Night,2,84,57,95
2024-12-11,TN,Morning,0,40,38,3
2024-12-11,GA,Midday,1,13,11,78
2024-12-11,NJ,Midday,5,98,47,5
2024-12-11,TN,Midday,5,10,45,65
2024-12-11,FL,Midday,3,21,79,23
2024-12-11,NY,Midday,0,97,60,26
2024-12-11,GA,Evening,0,98,27,19
2024-12-11,TN,Evening,7,66,38,5
2024-12-11,FL,Evening,8,43,75,74
2024-12-11,NY,Evening,8,64,2,3
2024-12-11,NJ,Evening,3,3,4,79
2024-12-11,GA,Night,0,70,6,52
2024-12-12,TN,Morning,1,46,75,84
2024-12-12,GA,Midday,6,74,92,88
2024-12-12,NJ,Midday,1,36,17,33
2024-12-12,TN,Midday,5,6,68,43
2024-12-12,FL,Midday,0,99,96,21
2024-12-12,NY,Midday,1,56,28,53
2024-12-12,GA,Evening,7,31,54,88
2024-12-12,TN,Evening,3,35,20,53
2024-12-12,FL,Evening,4,50,16,10
2024-12-12,NY,Evening,6,85,23,54
2024-12-12,NJ,Evening,6,50,70,36
2024-12-12,GA,Night,8,80,21,2
2024-12-13,TN,Morning,3,63,88,29
2024-12-13,GA,Midday,1,96,70,26
2024-12-13,NJ,Midday,1,36,89,28
2024-12-13,TN,Midday,2,38,89,58
2024-12-13,FL,Midday,5,43,88,39
2024-12-13,NY,Midday,1,6,70,28
2024-12-13,GA,Evening,9,77,65,67
2024-12-13,TN,Evening,1,86,8,49
2024-12-13,FL,Evening,8,31,63,24
2024-12-13,NY,Evening,5,48,69,22
2024-12-13,NJ,Evening,9,62,41,72
2024-12-13,GA,Night,1,39,64,31
2024-12-14,TN,Morning,1,32,44,43
2024-12-14,GA,Midday,8,88,23,86
2024-12-14,NJ,Midday,9,91,11,31
2024-12-14,TN,Midday,3,28,20,73
2024-12-14,FL,Midday,9,47,62,63
2024-12-14,NY,Midday,6,93,20,39
2024-12-14,GA,Evening,0,82,60,70
2024-12-14,TN,Evening,3,83,4,5
2024-12-14,NY,Evening,3,74,12,74
2024-12-14,NJ,Evening,4,41,12,74
2024-12-14,GA,Night,1,71,87,14
2024-12-15,GA,Midday,8,31,86,66
2024-12-15,NJ,Midday,8,12,84,77
2024-12-15,FL,Midday,7,97,83,45
2024-12-15,NY,Midday,2,92,43,85
2024-12-15,GA,Evening,8,12,71,90
2024-12-15,TN,Evening,8,23,16,31
2024-12-15,FL,Evening,2,72,85,69
2024-12-15,NY,Evening,4,98,5,32
2024-12-15,NJ,Evening,3,45,28,22
2024-12-15,GA,Night,1,95,27,43
2024-12-16,TN,Morning,4,14,16,47
2024-12-16,GA,Midday,0,91,64,81
2024-12-16,NJ,Midday,0,30,94,12
2024-12-16,TN,Midday,6,92,49,48
2024-12-16,FL,Midday,9,93,61,68
2024-12-16,NY,Midday,6,91,75,76
2024-12-16,GA,Evening,0,81,93,38
2024-12-16,TN,Evening,8,38,0,97
2024-12-16,FL,Evening,3,80,8,86
2024-12-16,NY,Evening,5,40,63,90
2024-12-16,NJ,Evening,3,43,52,79
2024-12-16,GA,Night,0,91,46,14
2024-12-17,TN,Morning,8,57,52,68
2024-12-17,GA,Midday,5,14,29,39
2024-12-17,NJ,Midday,0,61,26,20
2024-12-17,TN,Midday,4,95,47,15
2024-12-17,FL,Midday,7,90,58,8
2024-12-17,NY,Midday,0,3,7,58
2024-12-17,GA,Evening,8,18,59,73
2024-12-17,TN,Evening,7,63,53,72
2024-12-17,FL,Evening,4,43,31,37
2024-12-17,NY,Evening,9,33,7,27
2024-12-17,NJ,Evening,4,39,13,73
2024-12-17,GA,Night,9,12,82,36
2024-12-18,TN,Morning,0,26,19,45
2024-12-18,GA,Midday,9,91,51,69
2024-12-18,NJ,Midday,2,24,88,25
2024-12-18,TN,Midday,7,52,82,14
2024-12-18,FL,Midday,6,0,20,48
2024-12-18,NY,Midday,3,84,97,1
2024-12-18,GA,Evening,7,28,7,9
2024-12-18,TN,Evening,4,25,38,87
2024-12-18,FL,Evening,5,87,61,65
2024-12-18,NY,Evening,5,64,15,56
2024-12-18,NJ,Evening,5,74,9,6
2024-12-18,GA,Night,2,3,40,34
2024-12-19,TN,Morning,9,40,57,14
2024-12-19,GA,Midday,8,45,44,73
2024-12-19,NJ,Midday,5,46,31,96
2024-12-19,TN,Midday,6,73,8,81
2024-12-19,FL,Midday,2,68,1,13
2024-12-19,NY,Midday,6,46,91,76
2024-12-19,GA,Evening,7,17,60,72
2024-12-19,TN,Evening,7,30,94,55
2024-12-19,FL,Evening,9,32,26,78
2024-12-19,NY,Evening,7,82,9,24
2024-12-19,NJ,Evening,0,83,89,21
2024-12-19,GA,Night,7,88,48,14
2024-12-20,TN,Morning,7,82,46,22
2024-12-20,GA,Midday,7,1,51,38
2024-12-20,NJ,Midday,0,53,56,36
2024-12-20,TN,Midday,1,4,52,25
2024-12-20,FL,Midday,4,38,40,34
2024-12-20,NY,Midday,9,17,50,95
2024-12-20,GA,Evening,3,68,18,95
2024-12-20,TN,Evening,6,21,81,17
2024-12-20,FL,Evening,0,23,24,93
2024-12-20,NY,Evening,2,52,79,73
2024-12-20,NJ,Evening,4,78,21,68
2024-12-20,GA,Night,8,91,39,15
2024-12-21,TN,Morning,8,91,4,68
2024-12-21,GA,Midday,6,22,81,47
2024-12-21,NJ,Midday,6,17,6,39
2024-12-21,TN,Midday,4,8,21,90
2024-12-21,FL,Midday,4,74,82,38
2024-12-21,NY,Midday,6,9,16,69
2024-12-21,GA,Evening,4,62,38,12
2024-12-21,TN,Evening,8,17,34,76
2024-12-21,FL,Evening,8,30,21,95
2024-12-21,NY,Evening,3,36,95,58
2024-12-21,NJ,Evening,9,36,33,9
2024-12-21,GA,Night,3,62,82,57
2024-12-22,GA,Midday,4,69,77,13
2024-12-22,NJ,Midday,8,34,75,60
2024-12-22,FL,Midday,7,75,16,92
2024-12-22,NY,Midday,6,13,6,49
2024-12-22,GA,Evening,9,2,59,79
2024-12-22,NY,Evening,0,0,61,11
2024-12-22,NJ,Evening,9,38,63,98
2024-12-22,GA,Night,1,94,55,29
2024-12-23,TN,Morning,5,48,55,30
2024-12-23,GA,Midday,8,51,84,7
2024-12-23,NJ,Midday,4,72,44,35
2024-12-23,TN,Midday,5,67,45,45
2024-12-23,FL,Midday,2,73,23,20
2024-12-23,NY,Midday,4,66,37,79
2024-12-23,GA,Evening,8,98,53,5
2024-12-23,TN,Evening,4,61,30,88
2024-12-23,FL,Evening,0,6,95,83
2024-12-23,NY,Evening,1,72,21,4
2024-12-23,NJ,Evening,8,50,53,9
2024-12-23,GA,Night,3,98,43,16
2024-12-24,TN,Morning,9,70,42,80
2024-12-24,GA,Midday,2,13,45,86
2024-12-24,NJ,Midday,1,95,83,99
2024-12-24,TN,Midday,7,6,84,93
2024-12-24,FL,Midday,5,0,5,92
2024-12-24,NY,Midday,3,23,63,96
2024-12-24,GA,Evening,7,97,47,7
2024-12-24,TN,Evening,4,66,20,84
2024-12-24,FL,Evening,9,13,14,40
2024-12-24,NY,Evening,1,38,41,29
2024-12-24,NJ,Evening,4,61,25,75
2024-12-24,GA,Night,3,46,47,92
2024-12-25,TN,Morning,0,75,94,86
2024-12-25,GA,Midday,3,48,68,82
2024-12-25,TN,Midday,4,55,20,51
2024-12-25,FL,Midday,6,27,10,0
2024-12-25,NY,Midday,8,44,69,81
2024-12-25,GA,Evening,8,94,65,53
2024-12-25,TN,Evening,9,5,87,29
2024-12-25,FL,Evening,3,65,23,60
2024-12-25,NY,Evening,1,77,90,90
2024-12-25,GA,Night,7,69,73,48
2024-12-26,TN,Morning,0,29,27,51
2024-12-26,GA,Midday,7,53,0,99
2024-12-26,NJ,Midday,4,35,49,22
2024-12-26,TN,Midday,5,24,67,30
2024-12-26,FL,Midday,6,68,62,21
2024-12-26,NY,Midday,3,23,47,21
2024-12-26,GA,Evening,3,32,73,39
2024-12-26,TN,Evening,3,46,56,28
2024-12-26,NY,Evening,1,25,38,16
2024-12-26,NJ,Evening,1,29,39,80
2024-12-26,GA,Night,6,93,89,10
2024-12-27,TN,Morning,3,13,22,24
2024-12-27,GA,Midday,2,80,12,91
2024-12-27,NJ,Midday,8,42,89,94
2024-12-27,TN,Midday,4,78,70,54
2024-12-27,FL,Midday,2,39,38,38
2024-12-27,NY,Midday,7,53,74,54
2024-12-27,GA,Evening,6,93,64,50
2024-12-27,TN,Evening,4,63,41,67
2024-12-27,FL,Evening,4,70,55,3
2024-12-27,NY,Evening,2,95,31,73
2024-12-27,NJ,Evening,4,88,72,86
2024-12-27,GA,Night,2,17,41,6
2024-12-28,TN,Morning,1,95,65,22
2024-12-28,GA,Midday,2,9,68,58
2024-12-28,NJ,Midday,4,56,57,49
2024-12-28,TN,Midday,0,4,53,29
2024-12-28,FL,Midday,3,75,83,45
2024-12-28,NY,Midday,9,61,32,89
2024-12-28,GA,Evening,2,43,45,10
2024-12-28,TN,Evening,0,76,77,84
2024-12-28,FL,Evening,6,84,79,0
2024-12-28,NY,Evening,4,79,16,50
2024-12-28,NJ,Evening,0,41,61,16
2024-12-28,GA,Night,5,18,66,45
2024-12-29,GA,Midday,9,22,65,31
2024-12-29,NJ,Midday,6,31,89,0
2024-12-29,FL,Midday,6,38,36,32
2024-12-29,NY,Midday,4,99,83,84
2024-12-29,GA,Evening,1,17,25,13
2024-12-29,TN,Evening,9,28,73,15
2024-12-29,NY,Evening,6,39,81,44
2024-12-29,NJ,Evening,9,30,48,9
2024-12-29,GA,Night,5,4,72,14
2024-12-30,TN,Morning,8,16,95,95
2024-12-30,GA,Midday,6,15,7,74
2024-12-30,NJ,Midday,5,5,69,1
2024-12-30,TN,Midday,9,47,43,51
2024-12-30,FL,Midday,0,89,42,58
2024-12-30,NY,Midday,7,79,33,72
2024-12-30,GA,Evening,5,85,99,91
2024-12-30,TN,Evening,0,89,68,82
2024-12-30,FL,Evening,8,83,33,23
2024-12-30,NY,Evening,7,15,47,88
2024-12-30,NJ,Evening,0,52,51,26
2024-12-30,GA,Night,7,90,98,22
2024-12-31,TN,Morning,9,2,55,95
2024-12-31,GA,Midday,3,72,82,95
2024-12-31,NJ,Midday,6,16,11,98
2024-12-31,TN,Midday,8,19,65,55
2024-12-31,FL,Midday,9,19,96,6
2024-12-31,NY,Midday,5,3,81,26
2024-12-31,GA,Evening,4,96,44,54
2024-12-31,TN,Evening,8,89,1,76
2024-12-31,FL,Evening,9,9,44,4
2024-12-31,NY,Evening,8,17,78,25
2024-12-31,NJ,Evening,5,35,46,65
2024-12-31,GA,Night,6,42,38,87
2025-01-01,TN,Morning,0,61,53,46
2025-01-01,GA,Midday,8,43,61,9
2025-01-01,NJ,Midday,4,63,23,39
2025-01-01,TN,Midday,2,89,11,97
2025-01-01,FL,Midday,3,21,85,70
2025-01-01,NY,Midday,1,22,42,74
2025-01-01,GA,Evening,2,88,96,1
2025-01-01,TN,Evening,1,77,5,21
2025-01-01,FL,Evening,0,78,5,95
2025-01-01,NY,Evening,2,96,1,4
2025-01-01,NJ,Evening,1,80,97,37
2025-01-01,GA,Night,4,25,85,64
2025-01-02,GA,Midday,6,92,86,24
2025-01-02,NY,Midday,8,60,72,2
2025-01-02,GA,Evening,6,81,63,81
2025-01-02,NY,Evening,8,11,66,97
2025-01-02,GA,Night,6,77,10,13
2025-01-03,TN,Morning,3,78,16,69
2025-01-03,GA,Midday,0,47,1,97
2025-01-03,NJ,Midday,6,59,53,16
2025-01-03,TN,Midday,4,55,63,10
2025-01-03,FL,Midday,0,7,5,14
2025-01-03,NY,Midday,6,9,53,27
2025-01-03,GA,Evening,5,3,0,87
2025-01-03,TN,Evening,4,31,55,6
2025-01-03,NY,Evening,5,58,25,2
2025-01-03,NJ,Evening,8,44,5,72
2025-01-03,GA,Night,2,1,36,30
2025-01-04,TN,Morning,8,55,30,48
2025-01-04,GA,Midday,3,69,30,9
2025-01-04,NJ,Midday,7,23,97,56
2025-01-04,TN,Midday,7,58,72,2
2025-01-04,FL,Midday,7,77,83,12
2025-01-04,NY,Midday,2,80,18,80
2025-01-04,GA,Evening,6,58,39,10
2025-01-04,TN,Evening,8,95,75,79
2025-01-04,FL,Evening,3,32,40,83
2025-01-04,NY,Evening,9,53,75,45
2025-01-04,NJ,Evening,9,66,83,45
2025-01-04,GA,Night,4,30,87,99
2025-01-05,GA,Midday,6,68,28,47
2025-01-05,NJ,Midday,6,71,11,95
2025-01-05,FL,Midday,8,86,84,94
2025-01-05,NY,Midday,8,97,49,42
2025-01-05,GA,Evening,6,31,33,38
2025-01-05,TN,Evening,9,55,29,84
2025-01-05,FL,Evening,6,40,90,66
2025-01-05,NY,Evening,4,58,87,32
2025-01-05,NJ,Evening,1,94,9,39
2025-01-05,GA,Night,7,16,33,56
2025-01-06,TN,Morning,4,29,61,1
2025-01-06,GA,Midday,5,69,15,66
2025-01-06,NJ,Midday,7,89,5,97
2025-01-06,TN,Midday,8,85,83,0
2025-01-06,FL,Midday,9,72,30,4
2025-01-06,NY,Midday,2,46,36,68
2025-01-06,GA,Evening,5,93,55,73
2025-01-06,TN,Evening,9,5,88,14
2025-01-06,NY,Evening,3,77,3,55
2025-01-06,NJ,Evening,2,50,66,20
2025-01-06,GA,Night,1,98,76,15
2025-01-07,TN,Morning,5,22,8,17
2025-01-07,GA,Midday,1,98,89,38
2025-01-07,NJ,Midday,2,61,91,91
2025-01-07,TN,Midday,0,65,44,65
2025-01-07,FL,Midday,5,53,87,20
2025-01-07,NY,Midday,4,51,45,20
2025-01-07,GA,Evening,9,7,47,94
2025-01-07,TN,Evening,1,43,5,16
2025-01-07,FL,Evening,9,82,6,78
2025-01-07,NY,Evening,2,87,19,54
2025-01-07,NJ,Evening,3,92,35,61
2025-01-07,GA,Night,1,35,68,35
2025-01-08,TN,Morning,8,89,88,45
2025-01-08,GA,Midday,9,25,79,60
2025-01-08,NJ,Midday,7,12,63,75
2025-01-08,TN,Midday,8,14,31,36
2025-01-08,FL,Midday,3,44,38,9
2025-01-08,NY,Midday,0,30,80,58
2025-01-08,GA,Evening,2,93,90,7
2025-01-08,TN,Evening,1,83,18,42
2025-01-08,FL,Evening,9,77,72,91
2025-01-08,NY,Evening,8,11,30,86
2025-01-08,NJ,Evening,9,31,72,53
2025-01-08,GA,Night,0,2,41,12
2025-01-09,TN,Morning,1,98,51,92
2025-01-09,GA,Midday,0,71,51,89
2025-01-09,NJ,Midday,3,75,76,27
2025-01-09,TN,Midday,6,10,8,51
2025-01-09,FL,Midday,0,98,82,92
2025-01-09,NY,Midday,3,69,75,97
2025-01-09,GA,Evening,6,36,45,45
2025-01-09,TN,Evening,0,22,84,69
2025-01-09,FL,Evening,9,6,64,99
2025-01-09,NY,Evening,4,4,90,28
2025-01-09,NJ,Evening,5,16,84,5
2025-01-09,GA,Night,7,46,42,11
2025-01-10,TN,Morning,2,2,23,27
2025-01-10,GA,Midday,8,25,34,45
2025-01-10,NJ,Midday,8,78,34,6
2025-01-10,TN,Midday,3,55,45,92
2025-01-10,FL,Midday,1,28,46,3
2025-01-10,NY,Midday,1,65,5,1
2025-01-10,GA,Evening,6,72,37,73
2025-01-10,TN,Evening,8,85,68,59
2025-01-10,NY,Evening,6,67,89,16
2025-01-10,NJ,Evening,7,28,13,0
2025-01-10,GA,Night,1,79,43,51
2025-01-11,TN,Morning,9,98,57,35
2025-01-11,GA,Midday,7,55,90,65
2025-01-11,NJ,Midday,9,40,75,49
2025-01-11,TN,Midday,9,99,97,27
2025-01-11,FL,Midday,2,54,86,10
2025-01-11,NY,Midday,2,25,69,17
2025-01-11,GA,Evening,4,62,44,55
2025-01-11,TN,Evening,9,17,82,65
2025-01-11,FL,Evening,0,6,17,18
2025-01-11,NY,Evening,4,83,66,2
2025-01-11,NJ,Evening,2,38,70,64
2025-01-11,GA,Night,1,91,58,9
2025-01-12,GA,Midday,1,6,70,16
2025-01-12,NJ,Midday,0,65,35,60
2025-01-12,FL,Midday,5,65,54,16
2025-01-12,NY,Midday,3,90,13,31
2025-01-12,GA,Evening,4,54,70,64
2025-01-12,TN,Evening,0,20,0,97
2025-01-12,FL,Evening,7,67,44,24
2025-01-12,NY,Evening,0,28,8,53
2025-01-12,NJ,Evening,8,85,40,0
2025-01-12,GA,Night,5,59,69,74
2025-01-13,TN,Morning,5,25,24,13
2025-01-13,GA,Midday,1,11,13,15
2025-01-13,NJ,Midday,0,98,17,4
2025-01-13,TN,Midday,3,90,88,91
2025-01-13,FL,Midday,5,99,89,74
2025-01-13,NY,Midday,9,78,33,75
2025-01-13,GA,Evening,9,86,25,49
2025-01-13,TN,Evening,5,72,11,5
2025-01-13,FL,Evening,5,75,70,5
2025-01-13,NY,Evening,7,77,9,69
2025-01-13,NJ,Evening,9,9,1,65
2025-01-13,GA,Night,2,60,8,15
2025-01-14,TN,Morning,7,20,51,21
2025-01-14,GA,Midday,7,69,39,25
2025-01-14,NJ,Midday,7,46,7,30
2025-01-14,TN,Midday,2,70,82,90
2025-01-14,FL,Midday,1,32,97,26
2025-01-14,NY,Midday,6,7,2,16
2025-01-14,GA,Evening,5,76,25,7
2025-01-14,TN,Evening,5,22,6,57
2025-01-14,FL,Evening,9,67,7,68
2025-01-14,NY,Evening,3,48,55,74
2025-01-14,NJ,Evening,5,11,77,11
2025-01-14,GA,Night,1,64,10,96
2025-01-15,TN,Morning,1,22,19,82
2025-01-15,GA,Midday,9,78,65,26
2025-01-15,NJ,Midday,1,56,98,71
2025-01-15,TN,Midday,3,59,40,62
2025-01-15,FL,Midday,2,85,53,17
2025-01-15,NY,Midday,4,54,83,3
2025-01-15,GA,Evening,3,19,11,97
2025-01-15,TN,Evening,7,2,36,14
2025-01-15,FL,Evening,9,66,42,20
2025-01-15,NY,Evening,8,29,20,97
2025-01-15,NJ,Evening,1,18,33,69
2025-01-15,GA,Night,6,12,97,29
2025-01-16,TN,Morning,8,25,92,50
2025-01-16,GA,Midday,4,92,91,5
2025-01-16,NJ,Midday,6,65,90,54
2025-01-16,TN,Midday,1,57,73,18
2025-01-16,FL,Midday,1,32,5,13
2025-01-16,NY,Midday,7,6,61,70
2025-01-16,GA,Evening,9,63,43,52
2025-01-16,TN,Evening,5,70,67,32
2025-01-16,FL,Evening,7,49,96,30
2025-01-16,NY,Evening,3,88,43,11
2025-01-16,NJ,Evening,1,69,58,62
2025-01-16,GA,Night,3,64,66,81
2025-01-17,TN,Morning,5,39,75,24
2025-01-17,GA,Midday,2,58,71,26
2025-01-17,NJ,Midday,9,45,89,27
2025-01-17,TN,Midday,1,70,10,15
2025-01-17,FL,Midday,8,3,58,15
2025-01-17,NY,Midday,6,12,73,19
2025-01-17,GA,Evening,6,48,76,98
2025-01-17,TN,Evening,8,96,19,48
2025-01-17,NY,Evening,2,72,29,35
2025-01-17,NJ,Evening,9,18,64,46
2025-01-17,GA,Night,5,31,1,51
2025-01-18,TN,Morning,7,98,26,20
2025-01-18,GA,Midday,3,97,36,80
2025-01-18,NJ,Midday,0,8,9,21
2025-01-18,TN,Midday,3,64,23,90
2025-01-18,FL,Midday,7,81,28,10
2025-01-18,NY,Midday,3,34,57,6
2025-01-18,GA,Evening,0,22,99,48
2025-01-18,TN,Evening,9,19,71,61
2025-01-18,FL,Evening,0,35,37,61
2025-01-18,NY,Evening,6,75,71,68
2025-01-18,NJ,Evening,5,83,50,60
2025-01-18,GA,Night,4,45,17,51
2025-01-19,GA,Midday,8,87,21,24
2025-01-19,NJ,Midday,9,52,53,36
2025-01-19,FL,Midday,9,34,1,11
2025-01-19,NY,Midday,7,57,75,95
2025-01-19,GA,Evening,3,70,13,61
2025-01-19,TN,Evening,8,40,79,89
2025-01-19,FL,Evening,8,48,3,68
2025-01-19,NY,Evening,0,3,40,31
2025-01-19,NJ,Evening,2,83,72,59
2025-01-19,GA,Night,5,50,7,27
2025-01-20,TN,Morning,8,13,99,76
2025-01-20,GA,Midday,7,21,29,48
2025-01-20,NJ,Midday,1,84,71,92
2025-01-20,TN,Midday,7,75,60,61
2025-01-20,FL,Midday,5,93,7,15
2025-01-20,NY,Midday,2,88,27,38
2025-01-20,GA,Evening,6,63,60,80
2025-01-20,TN,Evening,3,58,0,16
2025-01-20,FL,Evening,7,16,91,93
2025-01-20,NY,Evening,6,34,52,87
2025-01-20,NJ,Evening,9,15,2,97
2025-01-20,GA,Night,4,18,13,24
2025-01-21,TN,Morning,5,63,72,25
2025-01-21,GA,Midday,6,79,46,92
2025-01-21,NJ,Midday,1,21,40,14
2025-01-21,TN,Midday,5,91,17,23
2025-01-21,FL,Midday,1,86,50,62
2025-01-21,NY,Midday,0,87,38,29
2025-01-21,GA,Evening,1,43,71,55
2025-01-21,TN,Evening,7,10,15,21
2025-01-21,FL,Evening,7,9,52,0
2025-01-21,NY,Evening,9,76,4,97
2025-01-21,NJ,Evening,0,96,40,42
2025-01-21,GA,Night,2,77,26,8
2025-01-22,TN,Morning,3,2,81,85
2025-01-22,GA,Midday,0,5,59,80
2025-01-22,NJ,Midday,6,48,38,58
2025-01-22,TN,Midday,6,19,5,30
2025-01-22,FL,Midday,6,8,52,41
2025-01-22,NY,Midday,2,12,5,87
2025-01-22,GA,Evening,6,2,78,72
2025-01-22,TN,Evening,3,23,87,25
2025-01-22,FL,Evening,1,77,58,52
2025-01-22,NY,Evening,9,21,28,37
2025-01-22,NJ,Evening,8,17,45,9
2025-01-22,GA,Night,8,64,3,71
2025-01-23,TN,Morning,8,24,57,75
2025-01-23,GA,Midday,3,20,66,51
2025-01-23,NJ,Midday,0,47,19,16
2025-01-23,TN,Midday,9,18,93,33
2025-01-23,FL,Midday,5,15,80,31
2025-01-23,NY,Midday,9,11,50,78
2025-01-23,GA,Evening,6,37,99,80
2025-01-23,TN,Evening,1,92,6,24
2025-01-23,FL,Evening,0,84,60,43
2025-01-23,NY,Evening,5,8,97,57
2025-01-23,NJ,Evening,0,74,57,56
2025-01-23,GA,Night,9,58,36,18
2025-01-24,TN,Morning,0,19,7,24
2025-01-24,GA,Midday,2,81,67,39
2025-01-24,NJ,Midday,2,60,67,93
2025-01-24,TN,Midday,8,99,15,7
2025-01-24,FL,Midday,1,25,0,10
2025-01-24,NY,Midday,5,2,20,13
2025-01-24,GA,Evening,4,28,52,57
2025-01-24,TN,Evening,6,8,18,48
2025-01-24,FL,Evening,0,61,75,31
2025-01-24,NY,Evening,7,26,25,26
2025-01-24,NJ,Evening,1,68,61,96
2025-01-24,GA,Night,1,3,34,71
2025-01-25,TN,Morning,8,4,2,53
2025-01-25,GA,Midday,6,94,65,35
2025-01-25,NJ,Midday,3,49,33,59
2025-01-25,TN,Midday,4,91,37,19
2025-01-25,FL,Midday,4,4,53,56
2025-01-25,NY,Midday,7,14,96,96
2025-01-25,GA,Evening,5,75,62,87
2025-01-25,TN,Evening,7,64,20,24
2025-01-25,FL,Evening,3,1,71,7
2025-01-25,NY,Evening,0,58,36,82
2025-01-25,NJ,Evening,5,39,43,61
2025-01-25,GA,Night,3,26,58,6
2025-01-26,GA,Midday,9,83,88,14
2025-01-26,NJ,Midday,7,15,50,98
2025-01-26,FL,Midday,5,38,94,14
2025-01-26,NY,Midday,2,77,9,62
2025-01-26,GA,Evening,2,25,41,46
2025-01-26,TN,Evening,1,47,71,5
2025-01-26,FL,Evening,0,44,67,49
2025-01-26,NY,Evening,2,3,52,74
2025-01-26,NJ,Evening,9,53,45,23
2025-01-26,GA,Night,3,72,33,46
2025-01-27,TN,Morning,0,58,40,15
2025-01-27,GA,Midday,1,14,43,17
2025-01-27,NJ,Midday,5,53,2,54
2025-01-27,TN,Midday,8,58,91,57
2025-01-27,FL,Midday,4,44,69,38
2025-01-27,NY,Midday,9,90,65,45
2025-01-27,GA,Evening,7,93,85,40
2025-01-27,TN,Evening,2,80,61,30
2025-01-27,FL,Evening,9,33,94,71
2025-01-27,NY,Evening,1,32,54,48
2025-01-27,NJ,Evening,6,43,45,8
2025-01-27,GA,Night,6,92,8,51
2025-01-28,TN,Morning,0,83,54,26
2025-01-28,GA,Midday,7,78,80,49
2025-01-28,NJ,Midday,5,37,55,27
2025-01-28,TN,Midday,5,46,99,3
2025-01-28,FL,Midday,1,75,43,96
2025-01-28,NY,Midday,8,95,75,76
2025-01-28,GA,Evening,0,67,22,53
2025-01-28,TN,Evening,2,59,58,92
2025-01-28,FL,Evening,7,88,80,22
2025-01-28,NY,Evening,1,80,5,54
2025-01-28,NJ,Evening,2,7,7,47
2025-01-28,GA,Night,6,70,98,77
2025-01-29,TN,Morning,1,0,85,68
2025-01-29,GA,Midday,6,98,81,62
2025-01-29,NJ,Midday,1,13,27,31
2025-01-29,TN,Midday,7,70,94,63
2025-01-29,FL,Midday,3,87,80,95
2025-01-29,NY,Midday,0,31,51,36
2025-01-29,GA,Evening,0,92,43,21
2025-01-29,TN,Evening,7,7,33,66
2025-01-29,FL,Evening,0,58,84,21
2025-01-29,NY,Evening,0,56,75,61
2025-01-29,NJ,Evening,5,68,3,70
2025-01-29,GA,Night,9,40,48,81
2025-01-30,TN,Morning,7,20,5,60
2025-01-30,GA,Midday,2,78,37,11
2025-01-30,NJ,Midday,9,91,86,70
2025-01-30,TN,Midday,3,90,17,36
2025-01-30,FL,Midday,8,30,64,84
2025-01-30,NY,Midday,3,40,34,32
2025-01-30,GA,Evening,0,64,22,31
2025-01-30,TN,Evening,3,54,21,79
2025-01-30,FL,Evening,6,26,79,32
2025-01-30,NY,Evening,4,27,21,26
2025-01-30,NJ,Evening,5,68,41,30
2025-01-30,GA,Night,8,92,31,6
2025-01-31,TN,Morning,0,25,28,28
2025-01-31,GA,Midday,1,16,35,87
2025-01-31,NJ,Midday,7,1,74,12
2025-01-31,TN,Midday,9,11,96,23
2025-01-31,FL,Midday,2,98,0,44
2025-01-31,NY,Midday,6,3,61,8
2025-01-31,GA,Evening,3,43,71,56
2025-01-31,TN,Evening,1,0,9,11
2025-01-31,FL,Evening,0,33,2,68
2025-01-31,NY,Evening,4,35,27,1
2025-01-31,NJ,Evening,3,31,55,53
2025-01-31,GA,Night,5,27,47,83
2025-02-01,TN,Morning,6,36,96,56
2025-02-01,GA,Midday,0,49,45,8
2025-02-01,NJ,Midday,6,96,88,33
2025-02-01,TN,Midday,5,6,59,87
2025-02-01,FL,Midday,5,13,11,34
2025-02-01,NY,Midday,0,69,82,69
2025-02-01,GA,Evening,4,53,17,30
2025-02-01,TN,Evening,0,87,95,67
2025-02-01,FL,Evening,0,44,78,18
2025-02-01,NY,Evening,1,87,66,72
2025-02-01,NJ,Evening,8,52,41,6
2025-02-01,GA,Night,1,25,12,53
2025-02-02,GA,Midday,9,50,46,83
2025-02-02,NJ,Midday,1,74,95,45
2025-02-02,FL,Midday,5,10,87,3
2025-02-02,NY,Midday,0,16,16,98
2025-02-02,GA,Evening,3,37,48,13
2025-02-02,TN,Evening,4,14,99,63
2025-02-02,FL,Evening,5,61,27,67
2025-02-02,NY,Evening,2,81,41,38
2025-02-02,NJ,Evening,9,91,11,63
2025-02-02,GA,Night,0,68,80,75
2025-02-03,TN,Morning,9,93,67,24
2025-02-03,GA,Midday,5,51,3,35
2025-02-03,NJ,Midday,8,69,9,88
2025-02-03,TN,Midday,0,95,78,79
2025-02-03,FL,Midday,7,22,71,22
2025-02-03,NY,Midday,6,35,28,13
2025-02-03,GA,Evening,7,23,33,86
2025-02-03,TN,Evening,8,58,50,54
2025-02-03,FL,Evening,9,34,47,68
2025-02-03,NY,Evening,1,57,14,15
2025-02-03,NJ,Evening,4,8,83,20
2025-02-03,GA,Night,3,75,2,73
2025-02-04,TN,Morning,6,56,22,36
2025-02-04,GA,Midday,2,54,75,2
2025-02-04,NJ,Midday,0,3,67,13
2025-02-04,TN,Midday,3,53,43,88
2025-02-04,FL,Midday,3,1,49,50
2025-02-04,NY,Midday,0,18,5,92
2025-02-04,GA,Evening,5,55,88,53
2025-02-04,TN,Evening,9,67,36,24
2025-02-04,FL,Evening,5,50,30,94
2025-02-04,NY,Evening,3,44,49,92
2025-02-04,NJ,Evening,6,5,36,17
2025-02-04,GA,Night,2,16,89,1
2025-02-05,TN,Morning,4,50,82,3
2025-02-05,GA,Midday,8,96,28,12
2025-02-05,NJ,Midday,0,32,13,35
2025-02-05,TN,Midday,1,11,96,81
2025-02-05,FL,Midday,7,36,70,43
2025-02-05,NY,Midday,7,88,41,32
2025-02-05,GA,Evening,8,25,33,60
2025-02-05,TN,Evening,0,32,51,43
2025-02-05,FL,Evening,3,59,95,34
2025-02-05,NY,Evening,3,92,36,83
2025-02-05,NJ,Evening,9,40,12,6
2025-02-05,GA,Night,7,33,7,95
2025-02-06,TN,Morning,9,78,74,64
2025-02-06,GA,Midday,5,33,51,37
2025-02-06,NJ,Midday,5,84,3,87
2025-02-06,TN,Midday,4,71,64,81
2025-02-06,FL,Midday,7,79,21,79
2025-02-06,NY,Midday,1,76,50,38
2025-02-06,GA,Evening,0,27,42,45
2025-02-06,TN,Evening,6,27,82,2
2025-02-06,FL,Evening,1,42,60,72
2025-02-06,NY,Evening,7,84,0,28
2025-02-06,NJ,Evening,6,67,29,99
2025-02-06,GA,Night,2,84,95,23
2025-02-07,TN,Morning,4,14,57,72
2025-02-07,GA,Midday,7,42,42,80
2025-02-07,NJ,Midday,2,99,72,38
2025-02-07,TN,Midday,5,85,20,71
2025-02-07,FL,Midday,7,60,57,56
2025-02-07,NY,Midday,9,61,64,23
2025-02-07,GA,Evening,4,52,53,11
2025-02-07,TN,Evening,7,52,3,26
2025-02-07,FL,Evening,2,25,42,27
2025-02-07,NY,Evening,5,85,53,89
2025-02-07,NJ,Evening,5,71,45,70
2025-02-07,GA,Night,9,57,11,2
2025-02-08,TN,Morning,2,74,10,45
2025-02-08,GA,Midday,3,14,71,54
2025-02-08,NJ,Midday,2,91,70,88
2025-02-08,TN,Midday,0,43,70,2
2025-02-08,FL,Midday,5,72,96,56
2025-02-08,NY,Midday,0,47,47,25
2025-02-08,GA,Evening,8,11,45,95
2025-02-08,TN,Evening,8,0,83,45
2025-02-08,FL,Evening,5,29,28,69
2025-02-08,NY,Evening,3,32,78,29
2025-02-08,NJ,Evening,8,28,23,53
2025-02-08,GA,Night,4,28,51,21
2025-02-09,GA,Midday,5,8,59,75
2025-02-09,NJ,Midday,8,70,15,22
2025-02-09,FL,Midday,3,56,44,96
2025-02-09,NY,Midday,3,96,70,86
2025-02-09,GA,Evening,2,12,21,44
2025-02-09,TN,Evening,8,20,72,41
2025-02-09,FL,Evening,5,0,95,82
2025-02-09,NY,Evening,4,14,72,74
2025-02-09,NJ,Evening,2,18,18,92
2025-02-09,GA,Night,6,21,71,76
2025-02-10,TN,Morning,6,9,26,11
2025-02-10,GA,Midday,3,22,94,81
2025-02-10,NJ,Midday,3,82,68,67
2025-02-10,TN,Midday,4,97,18,3
2025-02-10,FL,Midday,6,10,64,34
2025-02-10,NY,Midday,7,36,89,13
2025-02-10,GA,Evening,3,32,76,31
2025-02-10,TN,Evening,5,44,96,96
2025-02-10,FL,Evening,9,75,36,14
2025-02-10,NY,Evening,8,89,55,59
2025-02-10,NJ,Evening,4,80,28,33
2025-02-10,GA,Night,1,36,4,82
2025-02-11,TN,Morning,1,36,95,52
2025-02-11,GA,Midday,9,64,74,77
2025-02-11,NJ,Midday,0,25,0,16
2025-02-11,TN,Midday,5,91,48,25
2025-02-11,FL,Midday,0,35,70,25
2025-02-11,NY,Midday,4,38,16,46
2025-02-11,GA,Evening,5,62,48,45
2025-02-11,TN,Evening,3,56,61,97
2025-02-11,FL,Evening,3,86,20,65
2025-02-11,NY,Evening,8,33,76,68
2025-02-11,NJ,Evening,7,44,42,92
2025-02-11,GA,Night,6,53,90,88
2025-02-12,TN,Morning,1,13,16,85
2025-02-12,GA,Midday,6,24,38,85
2025-02-12,NJ,Midday,3,25,22,66
2025-02-12,TN,Midday,1,69,37,54
2025-02-12,FL,Midday,0,35,76,15
2025-02-12,NY,Midday,0,92,26,48
2025-02-12,GA,Evening,2,79,18,18
2025-02-12,TN,Evening,6,1,39,77
2025-02-12,FL,Evening,7,88,94,85
2025-02-12,NY,Evening,2,91,85,8
2025-02-12,NJ,Evening,4,51,64,15
2025-02-12,GA,Night,3,57,22,21
2025-02-13,TN,Morning,7,80,49,17
2025-02-13,GA,Midday,1,36,18,73
2025-02-13,NJ,Midday,8,76,30,34
2025-02-13,TN,Midday,0,61,0,27
2025-02-13,FL,Midday,8,24,93,73
2025-02-13,NY,Midday,9,27,28,98
2025-02-13,GA,Evening,6,34,88,50
2025-02-13,TN,Evening,3,25,48,38
2025-02-13,NY,Evening,1,88,94,33
2025-02-13,NJ,Evening,8,1,82,78
2025-02-13,GA,Night,4,89,57,88
2025-02-14,TN,Morning,6,54,24,6
2025-02-14,GA,Midday,8,63,3,0
2025-02-14,NJ,Midday,1,97,49,0
2025-02-14,TN,Midday,8,21,36,77
2025-02-14,FL,Midday,3,54,20,84
2025-02-14,NY,Midday,7,87,64,44
2025-02-14,GA,Evening,1,40,92,9
2025-02-14,TN,Evening,5,12,16,19
2025-02-14,FL,Evening,9,14,23,76
2025-02-14,NY,Evening,8,82,73,67
2025-02-14,NJ,Evening,9,32,22,33
2025-02-14,GA,Night,4,87,0,60
2025-02-15,TN,Morning,2,16,68,98
2025-02-15,GA,Midday,7,17,71,85
2025-02-15,NJ,Midday,5,82,14,67
2025-02-15,TN,Midday,8,40,26,21
2025-02-15,FL,Midday,3,44,34,20
2025-02-15,NY,Midday,9,8,19,6
2025-02-15,GA,Evening,2,93,28,42
2025-02-15,TN,Evening,6,85,90,70
2025-02-15,FL,Evening,5,83,62,21
2025-02-15,NY,Evening,2,94,76,34
2025-02-15,NJ,Evening,2,3,84,94
2025-02-15,GA,Night,1,89,68,0
2025-02-16,GA,Midday,0,47,77,93
2025-02-16,NJ,Midday,3,11,27,75
2025-02-16,FL,Midday,2,97,3,17
2025-02-16,NY,Midday,1,45,8,71
2025-02-16,GA,Evening,8,28,24,68
2025-02-16,TN,Evening,0,58,38,30
2025-02-16,FL,Evening,2,93,68,61
2025-02-16,NY,Evening,7,12,97,34
2025-02-16,NJ,Evening,5,26,79,3
2025-02-16,GA,Night,9,59,29,60
2025-02-17,TN,Morning,4,6,61,76
2025-02-17,GA,Midday,3,95,94,78
2025-02-17,NJ,Midday,5,34,36,50
2025-02-17,TN,Midday,8,11,6,80
2025-02-17,FL,Midday,3,13,49,7
2025-02-17,NY,Midday,7,96,62,84
2025-02-17,GA,Evening,4,69,50,56
2025-02-17,TN,Evening,9,65,60,30
2025-02-17,FL,Evening,7,2,20,26
2025-02-17,NY,Evening,6,62,60,63
2025-02-17,NJ,Evening,0,99,32,16
2025-02-17,GA,Night,6,78,24,44
2025-02-18,TN,Morning,4,75,83,24
2025-02-18,GA,Midday,0,4,87,6
2025-02-18,NJ,Midday,8,31,40,68
2025-02-18,TN,Midday,1,11,82,25
2025-02-18,FL,Midday,8,15,57,43
2025-02-18,NY,Midday,0,86,60,25
2025-02-18,GA,Evening,9,74,62,9
2025-02-18,TN,Evening,7,72,55,8
2025-02-18,FL,Evening,5,32,74,5
2025-02-18,NY,Evening,5,93,43,61
2025-02-18,NJ,Evening,7,67,72,61
2025-02-18,GA,Night,6,31,63,0
2025-02-19,TN,Morning,3,81,88,36
2025-02-19,GA,Midday,6,25,30,78
2025-02-19,NJ,Midday,7,6,40,70
2025-02-19,TN,Midday,5,54,94,35
2025-02-19,FL,Midday,8,14,67,10
2025-02-19,NY,Midday,6,26,64,16
2025-02-19,GA,Evening,6,19,23,83
2025-02-19,TN,Evening,1,15,33,39
2025-02-19,FL,Evening,1,46,49,78
2025-02-19,NY,Evening,4,70,30,49
2025-02-19,NJ,Evening,4,16,80,86
2025-02-19,GA,Night,9,55,49,90
2025-02-20,TN,Morning,5,77,61,48
2025-02-20,GA,Midday,5,73,2,96
2025-02-20,NJ,Midday,7,13,87,66
2025-02-20,TN,Midday,7,58,19,16
2025-02-20,FL,Midday,3,85,50,98
2025-02-20,NY,Midday,0,55,53,36
2025-02-20,GA,Evening,8,91,24,59
2025-02-20,TN,Evening,2,91,3,94
2025-02-20,NY,Evening,9,55,53,29
2025-02-20,NJ,Evening,6,74,21,9
2025-02-20,GA,Night,9,90,56,38
2025-02-21,TN,Morning,2,90,29,57
2025-02-21,GA,Midday,4,38,4,92
2025-02-21,NJ,Midday,2,22,64,33
2025-02-21,TN,Midday,8,81,67,17
2025-02-21,FL,Midday,7,66,13,74
2025-02-21,NY,Midday,9,91,83,55
2025-02-21,GA,Evening,6,41,9,45
2025-02-21,TN,Evening,3,64,26,75
2025-02-21,FL,Evening,2,50,19,9
2025-02-21,NY,Evening,2,85,11,53
2025-02-21,NJ,Evening,5,91,85,49
2025-02-21,GA,Night,8,86,15,22
2025-02-22,TN,Morning,2,8,10,11
2025-02-22,GA,Midday,3,95,41,58
2025-02-22,NJ,Midday,3,0,12,20
2025-02-22,TN,Midday,1,82,9,73
2025-02-22,FL,Midday,2,2,43,77
2025-02-22,NY,Midday,8,69,38,8
2025-02-22,GA,Evening,4,35,31,99
2025-02-22,TN,Evening,2,89,30,88
2025-02-22,FL,Evening,3,7,76,86
2025-02-22,NY,Evening,2,25,53,49
2025-02-22,NJ,Evening,6,16,5,9
2025-02-22,GA,Night,3,96,8,7
2025-02-23,GA,Midday,1,18,58,75
2025-02-23,NJ,Midday,7,26,91,81
2025-02-23,FL,Midday,1,84,39,4
2025-02-23,NY,Midday,3,47,90,19
2025-02-23,GA,Evening,0,67,70,94
2025-02-23,TN,Evening,9,20,23,30
2025-02-23,FL,Evening,0,86,76,26
2025-02-23,NY,Evening,5,62,28,84
2025-02-23,NJ,Evening,9,0,58,82
2025-02-23,GA,Night,6,18,81,73
2025-02-24,TN,Morning,4,95,47,67
2025-02-24,GA,Midday,9,6,50,6
2025-02-24,NJ,Midday,4,94,8,23
2025-02-24,TN,Midday,3,28,93,10
2025-02-24,FL,Midday,8,39,3,90
2025-02-24,NY,Midday,1,14,4,69
2025-02-24,GA,Evening,9,35,49,92
2025-02-24,TN,Evening,6,6,15,28
2025-02-24,FL,Evening,3,50,30,18
2025-02-24,NY,Evening,7,20,7,11
2025-02-24,NJ,Evening,6,70,44,75
2025-02-24,GA,Night,2,42,30,1
2025-02-25,TN,Morning,4,60,8,60
2025-02-25,GA,Midday,2,61,62,11
2025-02-25,NJ,Midday,1,23,91,75
2025-02-25,TN,Midday,2,79,13,88
2025-02-25,FL,Midday,8,23,74,52
2025-02-25,NY,Midday,5,62,35,23
2025-02-25,GA,Evening,2,90,74,75
2025-02-25,TN,Evening,5,96,40,16
2025-02-25,FL,Evening,3,15,0,4
2025-02-25,NY,Evening,4,83,26,24
2025-02-25,NJ,Evening,9,87,83,1
2025-02-25,GA,Night,9,42,5,17
2025-02-26,TN,Morning,3,89,13,53
2025-02-26,GA,Midday,6,98,58,49
2025-02-26,NJ,Midday,5,66,96,71
2025-02-26,TN,Midday,4,13,96,20
2025-02-26,FL,Midday,8,81,75,60
2025-02-26,NY,Midday,2,34,33,95
2025-02-26,GA,Evening,6,12,54,2
2025-02-26,TN,Evening,0,70,12,83
2025-02-26,FL,Evening,8,73,72,33
2025-02-26,NY,Evening,1,54,46,29
2025-02-26,NJ,Evening,7,15,76,44
2025-02-26,GA,Night,2,23,70,24
2025-02-27,TN,Morning,5,98,81,35
2025-02-27,GA,Midday,3,19,49,9
2025-02-27,NJ,Midday,8,57,6,13
2025-02-27,TN,Midday,2,50,33,66
2025-02-27,FL,Midday,3,95,81,91
2025-02-27,NY,Midday,2,55,56,78
2025-02-27,GA,Evening,7,46,74,87
2025-02-27,TN,Evening,3,3,26,22
2025-02-27,NY,Evening,5,76,94,46
2025-02-27,NJ,Evening,7,51,16,91
2025-02-27,GA,Night,2,73,39,4
2025-02-28,TN,Morning,2,40,2,61
2025-02-28,GA,Midday,6,64,79,79
2025-02-28,NJ,Midday,5,64,15,47
2025-02-28,TN,Midday,8,96,22,44
2025-02-28,FL,Midday,9,5,44,75
2025-02-28,NY,Midday,8,40,9,6
2025-02-28,GA,Evening,9,96,57,49
2025-02-28,TN,Evening,0,47,19,86
2025-02-28,FL,Evening,2,79,87,47
2025-02-28,NY,Evening,4,39,77,26
2025-02-28,NJ,Evening,6,4,0,76
2025-02-28,GA,Night,2,78,84,45
2025-03-01,TN,Morning,5,89,43,90
2025-03-01,GA,Midday,8,35,76,6
2025-03-01,NJ,Midday,2,14,60,44
2025-03-01,TN,Midday,5,11,76,83
2025-03-01,FL,Midday,5,24,53,11
2025-03-01,NY,Midday,5,31,68,21
2025-03-01,GA,Evening,9,39,62,5
2025-03-01,TN,Evening,7,31,21,44
2025-03-01,FL,Evening,1,92,93,83
2025-03-01,NY,Evening,6,14,54,73
2025-03-01,NJ,Evening,8,82,57,7
2025-03-01,GA,Night,5,83,67,49
2025-03-02,GA,Midday,2,45,35,5
2025-03-02,NJ,Midday,6,64,12,22
2025-03-02,FL,Midday,6,90,23,82
2025-03-02,NY,Midday,7,44,86,40
2025-03-02,GA,Evening,3,86,68,33
2025-03-02,TN,Evening,9,70,81,33
2025-03-02,FL,Evening,0,30,25,77
2025-03-02,NY,Evening,0,28,67,90
2025-03-02,NJ,Evening,6,8,10,97
2025-03-02,GA,Night,5,34,97,33
2025-03-03,TN,Morning,3,21,74,1
2025-03-03,GA,Midday,1,10,34,95
2025-03-03,NJ,Midday,9,36,74,56
2025-03-03,TN,Midday,7,48,27,42
2025-03-03,FL,Midday,1,90,80,71
2025-03-03,NY,Midday,6,21,34,58
2025-03-03,GA,Evening,9,60,41,0
2025-03-03,TN,Evening,1,29,56,58
2025-03-03,FL,Evening,0,2,7,33
2025-03-03,NY,Evening,2,2,92,89
2025-03-03,NJ,Evening,0,13,5,81
2025-03-03,GA,Night,3,79,3,28
2025-03-04,TN,Morning,1,90,85,4
2025-03-04,GA,Midday,4,6,50,16
2025-03-04,NJ,Midday,4,17,85,7
2025-03-04,TN,Midday,5,18,65,67
2025-03-04,FL,Midday,9,64,62,69
2025-03-04,NY,Midday,5,55,12,4
2025-03-04,GA,Evening,3,79,13,13
2025-03-04,TN,Evening,0,47,61,3
2025-03-04,FL,Evening,1,76,58,2
2025-03-04,NY,Evening,1,54,79,15
2025-03-04,NJ,Evening,8,78,56,57
2025-03-04,GA,Night,4,87,53,17
2025-03-05,TN,Morning,5,29,4,49
2025-03-05,GA,Midday,2,9,65,20
2025-03-05,NJ,Midday,5,47,72,40
2025-03-05,TN,Midday,9,29,32,38
2025-03-05,FL,Midday,2,11,54,8
2025-03-05,NY,Midday,2,19,44,74
2025-03-05,GA,Evening,5,45,34,81
2025-03-05,TN,Evening,7,51,25,52
2025-03-05,FL,Evening,7,29,61,70
2025-03-05,NY,Evening,5,1,70,86
2025-03-05,NJ,Evening,4,74,43,83
2025-03-05,GA,Night,3,69,4,5
2025-03-06,TN,Morning,6,13,71,35
2025-03-06,GA,Midday,9,4,96,5
2025-03-06,NJ,Midday,8,19,3,1
2025-03-06,TN,Midday,6,6,38,29
2025-03-06,FL,Midday,1,13,90,38
2025-03-06,NY,Midday,8,5,75,71
2025-03-06,GA,Evening,2,36,32,13
2025-03-06,TN,Evening,8,88,53,65
2025-03-06,FL,Evening,0,41,19,18
2025-03-06,NY,Evening,3,81,71,3
2025-03-06,NJ,Evening,5,23,8,15
2025-03-06,GA,Night,4,47,33,76
2025-03-07,TN,Morning,6,82,34,53
2025-03-07,GA,Midday,0,9,57,46
2025-03-07,NJ,Midday,2,91,90,10
2025-03-07,TN,Midday,2,63,75,65
2025-03-07,FL,Midday,4,18,24,37
2025-03-07,NY,Midday,9,87,26,10
2025-03-07,GA,Evening,8,3,63,70
2025-03-07,TN,Evening,8,19,67,91
2025-03-07,FL,Evening,6,69,88,73
2025-03-07,NY,Evening,3,27,14,2
2025-03-07,NJ,Evening,9,8,15,83
2025-03-07,GA,Night,5,84,86,14
2025-03-08,TN,Morning,9,74,67,90
2025-03-08,GA,Midday,7,72,17,76
2025-03-08,NJ,Midday,3,92,34,15
2025-03-08,TN,Midday,3,38,47,16
2025-03-08,FL,Midday,9,22,0,24
2025-03-08,NY,Midday,5,6,24,74
2025-03-08,GA,Evening,0,88,52,86
2025-03-08,TN,Evening,8,16,81,92
2025-03-08,FL,Evening,8,46,37,44
2025-03-08,NY,Evening,8,48,84,89
2025-03-08,NJ,Evening,7,99,52,73
2025-03-08,GA,Night,7,73,17,23
2025-03-09,GA,Midday,0,32,48,45
2025-03-09,NJ,Midday,3,14,68,72
2025-03-09,FL,Midday,2,73,98,46
2025-03-09,NY,Midday,8,25,26,31
2025-03-09,GA,Evening,0,62,29,14
2025-03-09,TN,Evening,1,45,29,95
2025-03-09,FL,Evening,1,83,96,92
2025-03-09,NY,Evening,2,32,73,46
2025-03-09,NJ,Evening,0,26,73,36
2025-03-09,GA,Night,7,24,95,74
2025-03-10,TN,Morning,7,53,29,2
2025-03-10,GA,Midday,9,15,88,36
2025-03-10,NJ,Midday,3,3,41,21
2025-03-10,TN,Midday,0,46,4,86
2025-03-10,FL,Midday,5,71,28,42
2025-03-10,NY,Midday,0,98,5,87
2025-03-10,GA,Evening,0,3,70,77
2025-03-10,TN,Evening,1,40,45,99
2025-03-10,FL,Evening,2,82,67,13
2025-03-10,NY,Evening,6,55,1,19
2025-03-10,NJ,Evening,9,90,59,55
2025-03-10,GA,Night,5,63,82,61
2025-03-11,TN,Morning,3,25,31,94
2025-03-11,GA,Midday,6,2,67,55
2025-03-11,NJ,Midday,4,50,69,93
2025-03-11,TN,Midday,8,77,53,4
2025-03-11,FL,Midday,5,73,73,14
2025-03-11,NY,Midday,0,72,6,56
2025-03-11,GA,Evening,6,18,4,9
2025-03-11,TN,Evening,7,8,59,84
2025-03-11,FL,Evening,0,39,29,92
2025-03-11,NY,Evening,9,91,91,1
2025-03-11,NJ,Evening,4,95,49,46
2025-03-11,GA,Night,8,95,52,5
2025-03-12,TN,Morning,2,10,40,26
2025-03-12,GA,Midday,5,5,43,20
2025-03-12,NJ,Midday,6,22,1,38
2025-03-12,TN,Midday,3,87,10,51
2025-03-12,FL,Midday,6,59,0,60
2025-03-12,NY,Midday,2,51,45,97
2025-03-12,GA,Evening,9,68,69,69
2025-03-12,TN,Evening,9,72,66,18
2025-03-12,FL,Evening,7,24,12,81
2025-03-12,NY,Evening,2,66,29,51
2025-03-12,NJ,Evening,8,76,14,80
2025-03-12,GA,Night,5,45,36,15
2025-03-13,TN,Morning,7,56,13,35
2025-03-13,GA,Midday,5,15,64,11
2025-03-13,NJ,Midday,3,27,11,86
2025-03-13,TN,Midday,0,48,1,10
2025-03-13,FL,Midday,0,93,5,44
2025-03-13,NY,Midday,0,77,23,81
2025-03-13,GA,Evening,0,48,20,64
2025-03-13,TN,Evening,7,42,36,46
2025-03-13,FL,Evening,1,62,24,48
2025-03-13,NY,Evening,0,45,91,20
2025-03-13,NJ,Evening,0,26,45,0
2025-03-13,GA,Night,0,80,9,33
2025-03-14,TN,Morning,9,64,58,97
2025-03-14,GA,Midday,9,80,16,50
2025-03-14,NJ,Midday,2,39,88,61
2025-03-14,TN,Midday,8,11,51,96
2025-03-14,FL,Midday,7,89,71,35
2025-03-14,NY,Midday,1,99,55,67
2025-03-14,GA,Evening,7,8,87,82
2025-03-14,TN,Evening,2,30,92,43
2025-03-14,FL,Evening,7,11,90,56
2025-03-14,NY,Evening,2,91,63,72
2025-03-14,NJ,Evening,0,41,58,44
2025-03-14,GA,Night,1,63,46,56
2025-03-15,TN,Morning,4,84,95,71
2025-03-15,GA,Midday,1,49,61,9
2025-03-15,NJ,Midday,1,38,23,2
2025-03-15,TN,Midday,9,64,11,13
2025-03-15,FL,Midday,7,56,85,32
2025-03-15,NY,Midday,6,55,34,80
2025-03-15,GA,Evening,6,74,91,20
2025-03-15,TN,Evening,8,78,57,24
2025-03-15,FL,Evening,7,45,45,69
2025-03-15,NY,Evening,0,4,12,58
2025-03-15,NJ,Evening,3,67,73,19
2025-03-15,GA,Night,5,20,35,38
2025-03-16,GA,Midday,6,95,2,22
2025-03-16,NJ,Midday,4,73,84,73
2025-03-16,FL,Midday,1,43,66,2
2025-03-16,NY,Midday,6,65,6,14
2025-03-16,GA,Evening,2,95,17,81
2025-03-16,TN,Evening,1,91,56,91
2025-03-16,FL,Evening,1,9,38,62
2025-03-16,NY,Evening,9,84,62,94
2025-03-16,NJ,Evening,9,4,94,46
2025-03-16,GA,Night,9,91,86,52
2025-03-17,TN,Morning,5,97,94,68
2025-03-17,GA,Midday,4,76,75,7
2025-03-17,NJ,Midday,6,40,1,60
2025-03-17,TN,Midday,1,90,45,74
2025-03-17,FL,Midday,7,32,68,24
2025-03-17,NY,Midday,2,12,80,13
2025-03-17,GA,Evening,3,58,68,56
2025-03-17,TN,Evening,1,10,22,88
2025-03-17,FL,Evening,1,42,67,85
2025-03-17,NY,Evening,4,33,82,19
2025-03-17,NJ,Evening,2,48,73,92
2025-03-17,GA,Night,0,91,3,6
2025-03-18,TN,Morning,4,87,73,38
2025-03-18,GA,Midday,0,79,1,91
2025-03-18,NJ,Midday,1,37,15,49
2025-03-18,TN,Midday,9,63,49,72
2025-03-18,FL,Midday,8,79,18,74
2025-03-18,NY,Midday,8,87,42,42
2025-03-18,GA,Evening,0,98,43,8
2025-03-18,TN,Evening,3,51,83,88
2025-03-18,FL,Evening,8,84,9,98
2025-03-18,NY,Evening,5,31,27,52
2025-03-18,NJ,Evening,8,13,35,84
2025-03-18,GA,Night,2,86,3,82
2025-03-19,TN,Morning,0,98,62,68
2025-03-19,GA,Midday,5,68,95,6
2025-03-19,NJ,Midday,9,59,14,90
2025-03-19,TN,Midday,0,12,5,42
2025-03-19,FL,Midday,6,45,69,77
2025-03-19,NY,Midday,2,74,4,5
2025-03-19,GA,Evening,6,39,14,4
2025-03-19,TN,Evening,8,55,48,17
2025-03-19,FL,Evening,2,49,70,94
2025-03-19,NY,Evening,2,13,91,57
2025-03-19,NJ,Evening,2,93,66,69
2025-03-19,GA,Night,7,2,20,32
2025-03-20,TN,Morning,3,45,12,22
2025-03-20,GA,Midday,2,92,38,75
2025-03-20,NJ,Midday,1,2,29,94
2025-03-20,TN,Midday,3,17,0,9
2025-03-20,FL,Midday,6,81,34,89
2025-03-20,NY,Midday,1,74,25,27
2025-03-20,GA,Evening,7,38,85,64
2025-03-20,TN,Evening,9,13,2,85
2025-03-20,FL,Evening,8,3,70,89
2025-03-20,NY,Evening,9,82,31,69
2025-03-20,NJ,Evening,8,91,12,51
2025-03-20,GA,Night,8,20,53,61
2025-03-21,TN,Morning,9,47,39,6
2025-03-21,GA,Midday,9,72,49,31
2025-03-21,NJ,Midday,3,51,89,83
2025-03-21,TN,Midday,8,24,5,7
2025-03-21,FL,Midday,3,13,83,82
2025-03-21,NY,Midday,7,90,27,40
2025-03-21,GA,Evening,8,30,88,85
2025-03-21,TN,Evening,5,65,46,20
2025-03-21,FL,Evening,8,75,21,79
2025-03-21,NY,Evening,9,74,51,63
2025-03-21,NJ,Evening,8,91,44,22
2025-03-21,GA,Night,6,78,52,20
2025-03-22,TN,Morning,5,94,61,67
2025-03-22,GA,Midday,8,78,74,54
2025-03-22,NJ,Midday,6,57,19,9
2025-03-22,TN,Midday,2,38,88,94
2025-03-22,FL,Midday,6,89,14,46
2025-03-22,NY,Midday,1,99,44,37
2025-03-22,GA,Evening,0,6,52,45
2025-03-22,TN,Evening,1,33,56,97
2025-03-22,FL,Evening,7,66,29,29
2025-03-22,NY,Evening,3,23,37,67
2025-03-22,NJ,Evening,4,58,71,54
2025-03-22,GA,Night,7,44,3,72
2025-03-23,GA,Midday,5,8,30,44
2025-03-23,NJ,Midday,2,34,16,86
2025-03-23,FL,Midday,4,78,27,89
2025-03-23,NY,Midday,0,8,53,17
2025-03-23,GA,Evening,7,88,81,89
2025-03-23,TN,Evening,1,7,4,61
2025-03-23,FL,Evening,5,1,53,95
2025-03-23,NY,Evening,9,22,54,65
2025-03-23,NJ,Evening,4,52,60,54
2025-03-23,GA,Night,3,35,33,12
2025-03-24,TN,Morning,5,46,46,22
2025-03-24,GA,Midday,2,38,15,60
2025-03-24,NJ,Midday,8,41,59,91
2025-03-24,TN,Midday,0,14,4,28
2025-03-24,FL,Midday,0,52,61,14
2025-03-24,NY,Midday,4,91,40,9
2025-03-24,GA,Evening,9,68,83,47
2025-03-24,TN,Evening,0,42,22,97
2025-03-24,FL,Evening,3,16,63,13
2025-03-24,NY,Evening,1,48,63,11
2025-03-24,NJ,Evening,7,41,19,5
2025-03-24,GA,Night,8,95,46,85
2025-03-25,TN,Morning,8,75,79,23
2025-03-25,GA,Midday,0,7,43,84
2025-03-25,NJ,Midday,3,14,62,17
2025-03-25,TN,Midday,9,64,72,54
2025-03-25,FL,Midday,9,78,54,22
2025-03-25,NY,Midday,8,79,27,80
2025-03-25,GA,Evening,0,59,75,33
2025-03-25,TN,Evening,0,68,10,21
2025-03-25,FL,Evening,2,13,30,28
2025-03-25,NY,Evening,0,36,65,16
2025-03-25,NJ,Evening,7,78,39,83
2025-03-25,GA,Night,4,59,10,8
2025-03-26,TN,Morning,8,34,38,8
2025-03-26,GA,Midday,7,96,88,66
2025-03-26,NJ,Midday,2,62,40,38
2025-03-26,TN,Midday,8,62,33,5
2025-03-26,FL,Midday,9,65,39,58
2025-03-26,NY,Midday,9,78,4,35
2025-03-26,GA,Evening,6,37,33,99
2025-03-26,TN,Evening,1,5,95,4
2025-03-26,FL,Evening,0,44,22,31
2025-03-26,NY,Evening,9,17,78,47
2025-03-26,NJ,Evening,2,30,21,28
2025-03-26,GA,Night,0,73,43,86
2025-03-27,TN,Morning,0,62,10,84
2025-03-27,GA,Midday,1,57,82,33
2025-03-27,NJ,Midday,2,33,41,43
2025-03-27,TN,Midday,0,26,82,75
2025-03-27,FL,Midday,9,15,65,58
2025-03-27,NY,Midday,3,30,87,3
2025-03-27,GA,Evening,7,45,52,93
2025-03-27,TN,Evening,2,45,21,8
2025-03-27,FL,Evening,7,96,6,31
2025-03-27,NY,Evening,5,72,89,87
2025-03-27,NJ,Evening,6,36,40,94
2025-03-27,GA,Night,0,46,78,86
2025-03-28,TN,Morning,1,94,83,49
2025-03-28,GA,Midday,9,38,38,87
2025-03-28,NJ,Midday,4,14,77,66
2025-03-28,TN,Midday,6,16,20,16
2025-03-28,FL,Midday,0,75,21,87
2025-03-28,NY,Midday,8,17,11,66
2025-03-28,GA,Evening,8,13,74,65
2025-03-28,TN,Evening,5,65,81,96
2025-03-28,FL,Evening,8,15,8,34
2025-03-28,NY,Evening,8,1,82,53
2025-03-28,NJ,Evening,9,43,56,69
2025-03-28,GA,Night,4,31,60,30
2025-03-29,TN,Morning,9,98,91,6
2025-03-29,GA,Midday,5,30,79,68
2025-03-29,NJ,Midday,1,1,41,98
2025-03-29,TN,Midday,4,49,77,24
2025-03-29,FL,Midday,9,2,64,71
2025-03-29,NY,Midday,9,88,23,83
2025-03-29,GA,Evening,3,15,86,8
2025-03-29,TN,Evening,6,16,91,49
2025-03-29,FL,Evening,2,41,33,23
2025-03-29,NY,Evening,2,66,34,22
2025-03-29,NJ,Evening,8,41,93,98
2025-03-29,GA,Night,2,94,71,20
2025-03-30,GA,Midday,6,91,27,88
2025-03-30,NJ,Midday,4,61,33,60
2025-03-30,FL,Midday,8,67,40,67
2025-03-30,NY,Midday,9,97,30,6
2025-03-30,GA,Evening,8,2,64,82
2025-03-30,TN,Evening,5,29,94,20
2025-03-30,FL,Evening,2,61,55,98
2025-03-30,NY,Evening,3,2,0,26
2025-03-30,NJ,Evening,7,49,44,42
2025-03-30,GA,Night,4,89,70,18
2025-03-31,TN,Morning,6,1,92,41
2025-03-31,GA,Midday,1,37,13,77
2025-03-31,NJ,Midday,7,30,63,34
2025-03-31,TN,Midday,0,22,94,50
2025-03-31,FL,Midday,4,97,85,98
2025-03-31,NY,Midday,5,73,43,51
2025-03-31,GA,Evening,2,24,45,74
2025-03-31,TN,Evening,1,3,91,69
2025-03-31,FL,Evening,9,79,32,88
2025-03-31,NY,Evening,8,11,3,99
2025-03-31,NJ,Evening,7,67,36,2
2025-03-31,GA,Night,4,4,86,88
2025-04-01,TN,Morning,6,81,15,0
2025-04-01,GA,Midday,8,69,70,92
2025-04-01,NJ,Midday,0,6,30,38
2025-04-01,TN,Midday,5,80,13,44
2025-04-01,FL,Midday,4,94,95,54
2025-04-01,NY,Midday,9,82,69,69
2025-04-01,GA,Evening,8,81,61,8
2025-04-01,TN,Evening,5,43,28,52
2025-04-01,FL,Evening,7,43,45,3
2025-04-01,NY,Evening,9,44,16,61
2025-04-01,NJ,Evening,3,15,13,3
2025-04-01,GA,Night,9,47,18,14
2025-04-02,TN,Morning,1,64,8,39
2025-04-02,GA,Midday,2,86,86,77
2025-04-02,NJ,Midday,9,46,51,71
2025-04-02,TN,Midday,8,22,73,37
2025-04-02,FL,Midday,5,66,33,25
2025-04-02,NY,Midday,5,95,17,1
2025-04-02,GA,Evening,3,50,83,45
2025-04-02,TN,Evening,5,97,50,57
2025-04-02,FL,Evening,7,91,6,55
2025-04-02,NY,Evening,6,1,3,29
2025-04-02,NJ,Evening,2,74,75,33
2025-04-02,GA,Night,3,37,57,58
2025-04-03,TN,Morning,1,52,29,18
2025-04-03,GA,Midday,6,34,3,3
2025-04-03,NJ,Midday,7,25,11,12
2025-04-03,TN,Midday,9,68,62,90
2025-04-03,FL,Midday,5,29,30,16
2025-04-03,NY,Midday,5,44,72,71
2025-04-03,GA,Evening,7,6,99,69
2025-04-03,TN,Evening,7,44,93,93
2025-04-03,FL,Evening,5,69,59,3
2025-04-03,NY,Evening,5,15,11,57
2025-04-03,NJ,Evening,6,46,60,96
2025-04-03,GA,Night,6,40,55,61
2025-04-04,TN,Morning,4,34,99,91
2025-04-04,GA,Midday,5,32,77,85
2025-04-04,NJ,Midday,7,25,81,27
2025-04-04,TN,Midday,4,37,97,52
2025-04-04,FL,Midday,6,27,76,4
2025-04-04,NY,Midday,1,33,52,76
2025-04-04,GA,Evening,2,61,78,49
2025-04-04,TN,Evening,5,64,30,56
2025-04-04,NY,Evening,8,12,63,92
2025-04-04,NJ,Evening,4,61,21,52
2025-04-04,GA,Night,7,34,95,10
2025-04-05,TN,Morning,4,42,87,3
2025-04-05,GA,Midday,8,10,81,13
2025-04-05,NJ,Midday,2,19,49,35
2025-04-05,TN,Midday,9,67,72,75
2025-04-05,FL,Midday,4,78,90,94
2025-04-05,NY,Midday,9,75,97,82
2025-04-05,GA,Evening,6,2,27,68
2025-04-05,TN,Evening,3,86,75,79
2025-04-05,FL,Evening,1,68,10,53
2025-04-05,NY,Evening,4,52,37,1
2025-04-05,NJ,Evening,9,70,42,24
2025-04-05,GA,Night,7,83,23,5
2025-04-06,GA,Midday,1,66,48,90
2025-04-06,NJ,Midday,7,6,67,37
2025-04-06,FL,Midday,7,90,38,77
2025-04-06,NY,Midday,2,14,72,48
2025-04-06,GA,Evening,0,77,89,78
2025-04-06,NY,Evening,0,73,87,12
2025-04-06,NJ,Evening,4,47,95,69
2025-04-06,GA,Night,9,89,21,16
2025-04-07,TN,Morning,5,50,53,89
2025-04-07,GA,Midday,1,74,54,7
2025-04-07,NJ,Midday,3,9,14,57
2025-04-07,TN,Midday,6,51,9,1
2025-04-07,FL,Midday,2,35,80,35
2025-04-07,NY,Midday,4,2,84,41
2025-04-07,GA,Evening,4,81,68,4
2025-04-07,TN,Evening,3,9,42,28
2025-04-07,FL,Evening,4,91,22,52
2025-04-07,NY,Evening,1,55,35,90
2025-04-07,NJ,Evening,4,75,78,62
2025-04-07,GA,Night,7,9,70,79
2025-04-08,TN,Morning,5,65,80,66
2025-04-08,GA,Midday,6,75,14,24
2025-04-08,NJ,Midday,3,32,78,11
2025-04-08,TN,Midday,8,4,88,34
2025-04-08,FL,Midday,6,25,91,22
2025-04-08,NY,Midday,1,49,34,71
2025-04-08,GA,Evening,5,24,3,86
2025-04-08,TN,Evening,2,26,40,80
2025-04-08,FL,Evening,6,64,52,67
2025-04-08,NY,Evening,6,33,70,76
2025-04-08,NJ,Evening,2,59,4,71
2025-04-08,GA,Night,7,53,84,81
2025-04-09,TN,Morning,1,9,34,2
2025-04-09,GA,Midday,0,95,6,73
2025-04-09,NJ,Midday,2,14,84,53
2025-04-09,TN,Midday,8,74,24,37
2025-04-09,FL,Midday,6,51,49,34
2025-04-09,NY,Midday,1,61,67,43
2025-04-09,GA,Evening,1,3,22,72
2025-04-09,TN,Evening,2,88,60,58
2025-04-09,FL,Evening,2,97,3,17
2025-04-09,NY,Evening,0,96,65,0
2025-04-09,NJ,Evening,0,30,70,70
2025-04-09,GA,Night,9,40,50,10
2025-04-10,TN,Morning,2,84,55,92
2025-04-10,GA,Midday,4,9,12,69
2025-04-10,NJ,Midday,3,27,37,4
2025-04-10,TN,Midday,5,78,1,38
2025-04-10,FL,Midday,2,65,15,61
2025-04-10,NY,Midday,4,66,83,35
2025-04-10,GA,Evening,3,55,0,13
2025-04-10,TN,Evening,5,77,39,14
2025-04-10,FL,Evening,0,98,49,79
2025-04-10,NY,Evening,3,70,49,73
2025-04-10,NJ,Evening,9,54,73,97
2025-04-10,GA,Night,3,91,4,44
2025-04-11,TN,Morning,0,63,24,35
2025-04-11,GA,Midday,3,8,98,35
2025-04-11,NJ,Midday,8,32,25,64
2025-04-11,TN,Midday,7,58,91,97
2025-04-11,FL,Midday,5,10,95,63
2025-04-11,NY,Midday,9,31,84,41
2025-04-11,GA,Evening,9,52,86,61
2025-04-11,TN,Evening,7,97,24,51
2025-04-11,FL,Evening,5,90,87,97
2025-04-11,NY,Evening,8,79,23,23
2025-04-11,NJ,Evening,5,18,46,96
2025-04-11,GA,Night,4,51,36,45
2025-04-12,TN,Morning,4,11,37,94
2025-04-12,GA,Midday,2,12,67,13
2025-04-12,NJ,Midday,3,41,78,51
2025-04-12,TN,Midday,2,55,42,15
2025-04-12,FL,Midday,3,27,58,80
2025-04-12,NY,Midday,4,48,20,41
2025-04-12,GA,Evening,6,61,1,61
2025-04-12,TN,Evening,9,31,62,99
2025-04-12,FL,Evening,3,44,56,26
2025-04-12,NY,Evening,8,6,53,43
2025-04-12,NJ,Evening,6,63,98,79
2025-04-12,GA,Night,3,99,34,55
2025-04-13,GA,Midday,6,66,13,62
2025-04-13,NJ,Midday,2,84,56,74
2025-04-13,FL,Midday,6,5,45,4
2025-04-13,NY,Midday,1,16,62,66
2025-04-13,GA,Evening,1,26,8,15
2025-04-13,TN,Evening,3,87,19,40
2025-04-13,FL,Evening,7,48,84,31
2025-04-13,NY,Evening,1,70,99,72
2025-04-13,NJ,Evening,5,1,37,50
2025-04-13,GA,Night,5,6,85,7
2025-04-14,TN,Morning,7,98,37,55
2025-04-14,GA,Midday,1,48,47,53
2025-04-14,NJ,Midday,8,39,37,72
2025-04-14,TN,Midday,9,20,87,91
2025-04-14,FL,Midday,6,1,26,72
2025-04-14,NY,Midday,6,18,12,89
2025-04-14,GA,Evening,1,4,82,39
2025-04-14,TN,Evening,1,42,17,94
2025-04-14,FL,Evening,6,60,50,7
2025-04-14,NY,Evening,6,39,54,15
2025-04-14,NJ,Evening,3,4,81,17
2025-04-14,GA,Night,4,64,56,83
2025-04-15,TN,Morning,4,56,20,75
2025-04-15,GA,Midday,2,79,15,43
2025-04-15,NJ,Midday,7,16,28,57
2025-04-15,TN,Midday,8,25,13,13
2025-04-15,FL,Midday,5,53,16,40
2025-04-15,NY,Midday,4,78,81,25
2025-04-15,GA,Evening,1,31,15,69
2025-04-15,TN,Evening,6,19,48,96
2025-04-15,FL,Evening,4,98,9,11
2025-04-15,NY,Evening,4,60,8,67
2025-04-15,NJ,Evening,1,71,86,1
2025-04-15,GA,Night,5,42,54,36
2025-04-16,TN,Morning,2,15,58,26
2025-04-16,GA,Midday,6,84,98,85
2025-04-16,NJ,Midday,5,95,68,97
2025-04-16,TN,Midday,4,46,78,92
2025-04-16,FL,Midday,2,54,11,15
2025-04-16,NY,Midday,9,1,37,24
2025-04-16,GA,Evening,4,35,20,33
2025-04-16,TN,Evening,1,94,83,47
2025-04-16,FL,Evening,7,24,35,5
2025-04-16,NY,Evening,6,16,0,24
2025-04-16,NJ,Evening,8,81,6,75
2025-04-16,GA,Night,6,14,49,81
2025-04-17,TN,Morning,8,59,75,31
2025-04-17,GA,Midday,2,74,67,36
2025-04-17,NJ,Midday,5,42,35,33
2025-04-17,TN,Midday,5,42,7,2
2025-04-17,FL,Midday,9,38,37,98
2025-04-17,NY,Midday,8,93,21,2
2025-04-17,GA,Evening,0,84,55,7
2025-04-17,TN,Evening,1,28,22,72
2025-04-17,FL,Evening,8,37,6,41
2025-04-17,NY,Evening,0,5,18,76
2025-04-17,NJ,Evening,1,97,37,41
2025-04-17,GA,Night,9,22,34,33
2025-04-18,TN,Morning,6,45,13,97
2025-04-18,GA,Midday,3,49,36,76
2025-04-18,NJ,Midday,2,43,55,20
2025-04-18,TN,Midday,9,50,98,53
2025-04-18,FL,Midday,4,67,45,90
2025-04-18,NY,Midday,1,95,1,80
2025-04-18,GA,Evening,1,53,63,43
2025-04-18,TN,Evening,8,27,52,79
2025-04-18,NY,Evening,3,12,96,38
2025-04-18,NJ,Evening,7,53,40,11
2025-04-18,GA,Night,3,11,28,76
2025-04-19,TN,Morning,7,25,8,79
2025-04-19,GA,Midday,7,47,86,69
2025-04-19,NJ,Midday,7,88,92,11
2025-04-19,TN,Midday,2,86,22,45
2025-04-19,FL,Midday,6,38,28,84
2025-04-19,NY,Midday,3,75,90,68
2025-04-19,GA,Evening,6,13,24,6
2025-04-19,TN,Evening,4,7,60,23
2025-04-19,FL,Evening,7,91,14,54
2025-04-19,NY,Evening,1,82,46,55
2025-04-19,NJ,Evening,6,74,36,40
2025-04-19,GA,Night,1,67,65,6
2025-04-20,GA,Midday,0,0,95,53
2025-04-20,NJ,Midday,3,80,1,28
2025-04-20,FL,Midday,1,57,95,25
2025-04-20,NY,Midday,5,23,60,27
2025-04-20,GA,Evening,5,37,95,47
2025-04-20,TN,Evening,0,89,20,68
2025-04-20,FL,Evening,0,66,11,26
2025-04-20,NY,Evening,5,70,10,53
2025-04-20,NJ,Evening,6,99,4,69
2025-04-20,GA,Night,0,0,32,15
2025-04-21,TN,Morning,8,19,50,62
2025-04-21,GA,Midday,3,39,60,89
2025-04-21,NJ,Midday,3,89,94,64
2025-04-21,TN,Midday,9,48,64,52
2025-04-21,FL,Midday,0,99,97,69
2025-04-21,NY,Midday,5,94,71,6
2025-04-21,GA,Evening,2,94,4,95
2025-04-21,TN,Evening,7,82,71,51
2025-04-21,FL,Evening,4,25,96,31
2025-04-21,NY,Evening,6,36,2,39
2025-04-21,NJ,Evening,1,99,76,41
2025-04-21,GA,Night,3,97,47,55
2025-04-22,TN,Morning,9,58,58,32
2025-04-22,GA,Midday,7,85,39,1
2025-04-22,NJ,Midday,5,62,65,26
2025-04-22,TN,Midday,4,15,69,29
2025-04-22,FL,Midday,4,21,88,52
2025-04-22,NY,Midday,8,79,81,11
2025-04-22,GA,Evening,2,88,66,59
2025-04-22,TN,Evening,8,8,62,97
2025-04-22,FL,Evening,8,57,92,1
2025-04-22,NY,Evening,9,0,15,36
2025-04-22,NJ,Evening,3,34,55,51
2025-04-22,GA,Night,4,55,60,8
2025-04-23,GA,Midday,7,29,51,52
2025-04-23,NY,Midday,6,71,97,54
2025-04-23,GA,Evening,5,1,34,31
2025-04-23,NY,Evening,7,68,98,42
2025-04-23,GA,Night,7,42,47,41
2025-04-24,GA,Midday,9,33,88,79
2025-04-24,NY,Midday,1,45,81,70
2025-04-24,GA,Evening,2,67,84,61
2025-04-24,NY,Evening,4,31,0,21
2025-04-24,GA,Night,0,82,27,99
2025-04-25,TN,Morning,8,20,19,49
2025-04-25,GA,Midday,8,47,16,78
2025-04-25,NJ,Midday,1,22,83,74
2025-04-25,TN,Midday,5,93,15,98
2025-04-25,FL,Midday,2,14,10,10
2025-04-25,NY,Midday,9,88,81,21
2025-04-25,GA,Evening,3,0,29,99
2025-04-25,TN,Evening,1,99,33,40
2025-04-25,NY,Evening,3,83,71,84
2025-04-25,NJ,Evening,5,50,0,37
2025-04-25,GA,Night,4,13,49,68
2025-04-26,TN,Morning,6,23,66,83
2025-04-26,GA,Midday,9,74,42,51
2025-04-26,NJ,Midday,6,19,40,81
2025-04-26,TN,Midday,4,98,7,21
2025-04-26,FL,Midday,5,37,21,98
2025-04-26,NY,Midday,6,78,49,68
2025-04-26,GA,Evening,9,83,96,7
2025-04-26,TN,Evening,0,70,14,69
2025-04-26,FL,Evening,5,9,94,87
2025-04-26,NY,Evening,9,91,49,47
2025-04-26,NJ,Evening,3,6,57,85
2025-04-26,GA,Night,6,30,38,78
2025-04-27,GA,Midday,9,13,85,62
2025-04-27,NJ,Midday,3,15,24,85
2025-04-27,FL,Midday,0,78,31,92
2025-04-27,NY,Midday,5,10,87,86
2025-04-27,GA,Evening,0,14,17,57
2025-04-27,NY,Evening,6,80,42,49
2025-04-27,NJ,Evening,4,52,97,23
2025-04-27,GA,Night,2,69,87,21
2025-04-28,TN,Morning,0,63,91,4
2025-04-28,GA,Midday,8,45,41,2
2025-04-28,NJ,Midday,6,58,2,52
2025-04-28,TN,Midday,9,46,39,53
2025-04-28,FL,Midday,3,21,42,85
2025-04-28,NY,Midday,8,21,42,17
2025-04-28,GA,Evening,3,32,21,91
2025-04-28,TN,Evening,1,37,36,77
2025-04-28,FL,Evening,6,25,13,32
2025-04-28,NY,Evening,0,42,7,34
2025-04-28,NJ,Evening,1,46,80,99
2025-04-28,GA,Night,1,41,86,59
2025-04-29,TN,Morning,9,40,77,72
2025-04-29,GA,Midday,4,14,87,24
2025-04-29,NJ,Midday,1,96,16,8
2025-04-29,TN,Midday,1,61,69,95
2025-04-29,FL,Midday,4,43,9,53
2025-04-29,NY,Midday,9,71,17,86
2025-04-29,GA,Evening,0,1,33,30
2025-04-29,TN,Evening,6,43,67,52
2025-04-29,FL,Evening,8,26,35,20
2025-04-29,NY,Evening,4,88,57,55
2025-04-29,NJ,Evening,0,93,63,32
2025-04-29,GA,Night,7,80,40,81
2025-04-30,TN,Morning,4,25,93,3
2025-04-30,GA,Midday,2,51,91,92
2025-04-30,NJ,Midday,1,4,71,5
2025-04-30,TN,Midday,0,92,9,26
2025-04-30,FL,Midday,3,11,71,15
2025-04-30,NY,Midday,6,90,7,79
2025-04-30,GA,Evening,1,23,39,46
2025-04-30,TN,Evening,9,43,16,65
2025-04-30,FL,Evening,3,22,93,18
2025-04-30,NY,Evening,5,1,61,86
2025-04-30,NJ,Evening,7,63,39,12
2025-04-30,GA,Night,1,43,62,37
2025-05-01,TN,Morning,0,64,41,9
2025-05-01,GA,Midday,0,40,34,11
2025-05-01,NJ,Midday,1,39,61,36
2025-05-01,TN,Midday,5,2,72,79
2025-05-01,FL,Midday,2,56,95,44
2025-05-01,NY,Midday,5,98,79,81
2025-05-01,GA,Evening,6,31,41,87
2025-05-01,TN,Evening,3,96,90,17
2025-05-01,FL,Evening,1,21,80,88
2025-05-01,NY,Evening,5,14,56,65
2025-05-01,NJ,Evening,3,38,9,10
2025-05-01,GA,Night,2,61,82,87
2025-05-02,TN,Morning,6,87,98,10
2025-05-02,GA,Midday,2,50,93,46
2025-05-02,NJ,Midday,4,23,23,84
2025-05-02,TN,Midday,9,39,95,63
2025-05-02,FL,Midday,7,53,44,65
2025-05-02,NY,Midday,9,51,8,32
2025-05-02,GA,Evening,7,41,42,48
2025-05-02,TN,Evening,9,11,88,94
2025-05-02,NY,Evening,5,31,78,15
2025-05-02,NJ,Evening,4,68,95,38
2025-05-02,GA,Night,0,44,27,25
2025-05-03,TN,Morning,6,62,57,67
2025-05-03,GA,Midday,4,7,50,23
2025-05-03,NJ,Midday,9,61,32,17
2025-05-03,TN,Midday,5,56,32,30
2025-05-03,FL,Midday,5,48,99,66
2025-05-03,NY,Midday,7,68,54,21
2025-05-03,GA,Evening,7,38,54,69
2025-05-03,TN,Evening,2,98,95,39
2025-05-03,FL,Evening,1,0,80,35
2025-05-03,NY,Evening,6,25,90,79
2025-05-03,NJ,Evening,4,35,46,71
2025-05-03,GA,Night,5,65,57,51
2025-05-04,GA,Midday,7,24,95,56
2025-05-04,NJ,Midday,3,1,22,56
2025-05-04,FL,Midday,6,84,45,11
2025-05-04,NY,Midday,5,63,55,59
2025-05-04,GA,Evening,2,13,28,3
2025-05-04,TN,Evening,8,95,10,76
2025-05-04,FL,Evening,0,48,35,15
2025-05-04,NY,Evening,8,94,76,88
2025-05-04,NJ,Evening,5,55,48,68
2025-05-04,GA,Night,0,97,19,98
2025-05-05,TN,Morning,1,15,79,17
2025-05-05,GA,Midday,8,62,14,74
2025-05-05,NJ,Midday,1,53,53,31
2025-05-05,TN,Midday,3,9,60,42
2025-05-05,FL,Midday,2,59,92,30
2025-05-05,NY,Midday,6,55,42,12
2025-05-05,GA,Evening,2,91,82,7
2025-05-05,TN,Evening,7,74,93,24
2025-05-05,FL,Evening,0,71,30,95
2025-05-05,NY,Evening,7,52,11,70
2025-05-05,NJ,Evening,0,73,59,46
2025-05-05,GA,Night,7,88,28,27
2025-05-06,TN,Morning,2,76,97,48
2025-05-06,GA,Midday,3,48,54,75
2025-05-06,NJ,Midday,2,35,94,25
2025-05-06,TN,Midday,0,96,59,78
2025-05-06,FL,Midday,9,42,99,76
2025-05-06,NY,Midday,5,1,67,48
2025-05-06,GA,Evening,2,81,67,36
2025-05-06,TN,Evening,3,81,8,92
2025-05-06,FL,Evening,6,91,15,15
2025-05-06,NY,Evening,3,50,14,10
2025-05-06,NJ,Evening,1,9,0,63
2025-05-06,GA,Night,6,57,72,13
2025-05-07,TN,Morning,4,20,35,42
2025-05-07,GA,Midday,7,79,49,57
2025-05-07,NJ,Midday,3,9,73,48
2025-05-07,TN,Midday,6,24,13,53
2025-05-07,FL,Midday,8,3,68,57
2025-05-07,NY,Midday,1,30,97,42
2025-05-07,GA,Evening,0,15,96,33
2025-05-07,TN,Evening,2,38,28,42
2025-05-07,FL,Evening,4,46,81,0
2025-05-07,NY,Evening,1,20,48,65
2025-05-07,NJ,Evening,7,89,27,42
2025-05-07,GA,Night,3,14,7,70
2025-05-08,TN,Morning,0,46,69,53
2025-05-08,GA,Midday,0,17,25,5
2025-05-08,NJ,Midday,4,51,82,18
2025-05-08,TN,Midday,9,18,84,82
2025-05-08,FL,Midday,1,61,11,32
2025-05-08,NY,Midday,5,57,93,78
2025-05-08,GA,Evening,4,6,88,55
2025-05-08,TN,Evening,5,78,25,3
2025-05-08,FL,Evening,5,53,44,4
2025-05-08,NY,Evening,0,87,77,80
2025-05-08,NJ,Evening,1,61,5,94
2025-05-08,GA,Night,6,4,6,74
2025-05-09,TN,Morning,6,33,43,4
2025-05-09,GA,Midday,6,56,12,20
2025-05-09,NJ,Midday,1,84,74,67
2025-05-09,TN,Midday,7,70,2,15
2025-05-09,FL,Midday,3,2,80,59
2025-05-09,NY,Midday,0,79,63,32
2025-05-09,GA,Evening,6,35,76,60
2025-05-09,TN,Evening,1,72,42,94
2025-05-09,FL,Evening,9,1,58,60
2025-05-09,NY,Evening,5,51,25,41
2025-05-09,NJ,Evening,3,83,22,67
2025-05-09,GA,Night,7,92,71,36
2025-05-10,TN,Morning,4,13,8,29
2025-05-10,GA,Midday,9,24,73,52
2025-05-10,NJ,Midday,8,86,49,72
2025-05-10,TN,Midday,1,79,40,0
2025-05-10,FL,Midday,6,33,8,20
2025-05-10,NY,Midday,3,10,65,72
2025-05-10,GA,Evening,1,30,85,37
2025-05-10,TN,Evening,2,18,92,94
2025-05-10,FL,Evening,7,38,59,29
2025-05-10,NY,Evening,5,90,9,7
2025-05-10,NJ,Evening,7,60,91,7
2025-05-10,GA,Night,3,37,12,92
2025-05-11,GA,Midday,3,95,72,32
2025-05-11,NJ,Midday,3,84,99,32
2025-05-11,FL,Midday,4,41,38,99
2025-05-11,NY,Midday,4,29,87,77
2025-05-11,GA,Evening,6,21,59,61
2025-05-11,TN,Evening,1,88,30,50
2025-05-11,FL,Evening,7,74,98,81
2025-05-11,NY,Evening,6,11,2,22
2025-05-11,NJ,Evening,2,69,12,90
2025-05-11,GA,Night,6,16,39,94
2025-05-12,TN,Morning,7,62,11,74
2025-05-12,GA,Midday,7,34,78,70
2025-05-12,NJ,Midday,1,76,13,31
2025-05-12,TN,Midday,3,10,10,87
2025-05-12,FL,Midday,8,55,74,4
2025-05-12,NY,Midday,9,2,46,17
2025-05-12,GA,Evening,7,42,53,64
2025-05-12,TN,Evening,8,98,78,27
2025-05-12,FL,Evening,5,13,60,19
2025-05-12,NY,Evening,8,68,38,67
2025-05-12,NJ,Evening,0,51,94,42
2025-05-12,GA,Night,1,25,5,26
2025-05-13,TN,Morning,6,68,14,93
2025-05-13,GA,Midday,5,48,70,6
2025-05-13,NJ,Midday,9,69,99,78
2025-05-13,TN,Midday,4,39,85,94
2025-05-13,FL,Midday,3,38,41,37
2025-05-13,NY,Midday,0,34,20,86
2025-05-13,GA,Evening,7,64,94,40
2025-05-13,TN,Evening,6,37,58,2
2025-05-13,FL,Evening,6,27,41,26
2025-05-13,NY,Evening,7,93,95,67
2025-05-13,NJ,Evening,4,68,96,18
2025-05-13,GA,Night,7,45,20,14
2025-05-14,TN,Morning,4,37,39,88
2025-05-14,GA,Midday,3,30,85,48
2025-05-14,NJ,Midday,3,38,64,31
2025-05-14,TN,Midday,1,94,68,58
2025-05-14,FL,Midday,5,48,86,66
2025-05-14,NY,Midday,8,79,88,87
2025-05-14,GA,Evening,9,87,55,18
2025-05-14,TN,Evening,4,46,35,69
2025-05-14,NY,Evening,6,12,51,46
2025-05-14,NJ,Evening,9,72,88,13
2025-05-14,GA,Night,8,97,56,15
2025-05-15,TN,Morning,8,36,79,8
2025-05-15,GA,Midday,3,16,82,74
2025-05-15,NJ,Midday,9,8,39,4
2025-05-15,TN,Midday,7,61,23,91
2025-05-15,FL,Midday,9,9,41,80
2025-05-15,NY,Midday,8,58,74,61
2025-05-15,GA,Evening,8,60,48,3
2025-05-15,TN,Evening,8,0,48,58
2025-05-15,FL,Evening,0,44,15,86
2025-05-15,NY,Evening,6,17,18,75
2025-05-15,NJ,Evening,1,24,60,19
2025-05-15,GA,Night,6,47,87,69
2025-05-16,TN,Morning,9,90,57,70
2025-05-16,GA,Midday,5,57,16,92
2025-05-16,NJ,Midday,1,46,41,62
2025-05-16,TN,Midday,5,30,35,1
2025-05-16,FL,Midday,4,6,51,97
2025-05-16,NY,Midday,6,82,48,51
2025-05-16,GA,Evening,1,78,60,95
2025-05-16,TN,Evening,0,98,59,39
2025-05-16,FL,Evening,9,13,96,71
2025-05-16,NY,Evening,2,25,43,86
2025-05-16,NJ,Evening,7,41,45,24
2025-05-16,GA,Night,7,24,66,29
2025-05-17,TN,Morning,8,17,41,21
2025-05-17,GA,Midday,4,39,58,83
2025-05-17,NJ,Midday,9,16,40,63
2025-05-17,TN,Midday,8,79,77,95
2025-05-17,FL,Midday,7,78,73,29
2025-05-17,NY,Midday,9,42,89,89
2025-05-17,GA,Evening,2,43,47,24
2025-05-17,NY,Evening,0,22,48,51
2025-05-17,NJ,Evening,1,66,56,63
2025-05-17,GA,Night,7,0,93,63
2025-05-18,GA,Midday,2,21,7,31
2025-05-18,NJ,Midday,0,36,41,8
2025-05-18,FL,Midday,2,74,14,4
2025-05-18,NY,Midday,1,52,86,30
2025-05-18,GA,Evening,2,77,72,54
2025-05-18,TN,Evening,4,12,84,57
2025-05-18,FL,Evening,8,9,22,71
2025-05-18,NY,Evening,5,82,38,71
2025-05-18,NJ,Evening,7,76,16,15
2025-05-18,GA,Night,2,76,83,32
2025-05-19,TN,Morning,7,60,31,28
2025-05-19,GA,Midday,6,11,42,16
2025-05-19,NJ,Midday,8,48,49,85
2025-05-19,TN,Midday,8,49,72,95
2025-05-19,FL,Midday,0,6,33,8
2025-05-19,NY,Midday,1,88,29,5
2025-05-19,GA,Evening,3,80,0,79
2025-05-19,TN,Evening,6,75,73,6
2025-05-19,FL,Evening,0,5,91,7
2025-05-19,NY,Evening,9,31,87,52
2025-05-19,NJ,Evening,1,8,82,37
2025-05-19,GA,Night,7,73,6,74
2025-05-20,TN,Morning,1,18,2,54
2025-05-20,GA,Midday,6,4,78,10
2025-05-20,NJ,Midday,8,91,98,38
2025-05-20,TN,Midday,7,73,49,45
2025-05-20,FL,Midday,8,63,81,37
2025-05-20,NY,Midday,3,78,83,81
2025-05-20,GA,Evening,7,15,95,96
2025-05-20,TN,Evening,3,69,86,44
2025-05-20,FL,Evening,0,40,80,16
2025-05-20,NY,Evening,7,40,76,57
2025-05-20,NJ,Evening,0,72,37,61
2025-05-20,GA,Night,7,8,51,98
2025-05-21,TN,Morning,9,12,58,43
2025-05-21,GA,Midday,7,14,95,53
2025-05-21,NJ,Midday,7,3,16,56
2025-05-21,TN,Midday,9,36,32,51
2025-05-21,FL,Midday,7,73,45,72
2025-05-21,NY,Midday,7,15,3,17
2025-05-21,GA,Evening,2,61,67,40
2025-05-21,TN,Evening,1,5,20,61
2025-05-21,FL,Evening,2,85,78,5
2025-05-21,NY,Evening,9,64,54,25
2025-05-21,NJ,Evening,4,78,47,8
2025-05-21,GA,Night,1,72,90,9
2025-05-22,TN,Morning,7,1,70,52
2025-05-22,GA,Midday,2,1,20,24
2025-05-22,NJ,Midday,2,5,99,11
2025-05-22,TN,Midday,7,31,98,4
2025-05-22,FL,Midday,3,60,68,38
2025-05-22,NY,Midday,5,4,43,73
2025-05-22,GA,Evening,5,99,71,50
2025-05-22,TN,Evening,5,38,2,7
2025-05-22,FL,Evening,2,93,73,73
2025-05-22,NY,Evening,2,7,16,1
2025-05-22,NJ,Evening,2,44,5,9
2025-05-22,GA,Night,9,59,8,49
2025-05-23,TN,Morning,1,2,33,42
2025-05-23,GA,Midday,6,55,7,51
2025-05-23,NJ,Midday,0,41,95,25
2025-05-23,TN,Midday,0,86,26,46
2025-05-23,FL,Midday,5,79,22,57
2025-05-23,NY,Midday,8,70,6,59
2025-05-23,GA,Evening,0,20,35,4
2025-05-23,TN,Evening,2,57,30,65
2025-05-23,FL,Evening,0,23,74,71
2025-05-23,NY,Evening,5,58,77,53
2025-05-23,NJ,Evening,5,80,6,13
2025-05-23,GA,Night,5,62,14,52
2025-05-24,TN,Morning,9,97,38,63
2025-05-24,GA,Midday,4,95,83,27
2025-05-24,NJ,Midday,4,76,11,5
2025-05-24,TN,Midday,4,28,36,76
2025-05-24,FL,Midday,4,5,36,0
2025-05-24,NY,Midday,2,67,52,92
2025-05-24,GA,Evening,8,61,27,74
2025-05-24,TN,Evening,6,40,33,51
2025-05-24,FL,Evening,0,29,34,72
2025-05-24,NY,Evening,6,69,79,71
2025-05-24,NJ,Evening,4,54,12,93
2025-05-24,GA,Night,2,56,85,75
2025-05-25,GA,Midday,9,73,32,54
2025-05-25,NJ,Midday,7,25,78,20
2025-05-25,FL,Midday,4,84,63,98
2025-05-25,NY,Midday,8,34,52,25
2025-05-25,GA,Evening,2,48,70,39
2025-05-25,TN,Evening,9,79,82,4
2025-05-25,FL,Evening,1,86,10,26
2025-05-25,NY,Evening,9,12,50,20
2025-05-25,NJ,Evening,4,4,65,57
2025-05-25,GA,Night,3,71,39,5
2025-05-26,TN,Morning,2,60,49,31
2025-05-26,GA,Midday,9,3,63,56
2025-05-26,NJ,Midday,4,71,44,47
2025-05-26,TN,Midday,1,65,21,4
2025-05-26,FL,Midday,6,73,6,66
2025-05-26,NY,Midday,4,41,44,11
2025-05-26,GA,Evening,7,98,11,24
2025-05-26,TN,Evening,6,27,10,13
2025-05-26,FL,Evening,2,92,42,41
2025-05-26,NY,Evening,5,5,53,10
2025-05-26,NJ,Evening,7,57,79,19
2025-05-26,GA,Night,9,57,70,79
2025-05-27,TN,Morning,9,60,9,41
2025-05-27,GA,Midday,2,40,48,40
2025-05-27,NJ,Midday,9,41,28,98
2025-05-27,TN,Midday,6,89,48,83
2025-05-27,FL,Midday,1,95,74,97
2025-05-27,NY,Midday,6,42,81,75
2025-05-27,GA,Evening,0,7,4,41
2025-05-27,TN,Evening,3,24,33,24
2025-05-27,FL,Evening,0,81,64,38
2025-05-27,NY,Evening,2,97,59,34
2025-05-27,NJ,Evening,1,30,78,20
2025-05-27,GA,Night,1,60,31,36
2025-05-28,TN,Morning,7,62,61,13
2025-05-28,GA,Midday,3,47,99,99
2025-05-28,NJ,Midday,7,39,62,13
2025-05-28,TN,Midday,0,65,86,51
2025-05-28,FL,Midday,9,25,97,7
2025-05-28,NY,Midday,3,23,39,31
2025-05-28,GA,Evening,8,11,59,4
2025-05-28,TN,Evening,3,68,80,55
2025-05-28,FL,Evening,9,69,75,11
2025-05-28,NY,Evening,4,68,87,63
2025-05-28,NJ,Evening,8,11,55,2
2025-05-28,GA,Night,1,80,99,95
2025-05-29,TN,Morning,7,38,4,2
2025-05-29,GA,Midday,8,50,72,64
2025-05-29,NJ,Midday,1,38,64,32
2025-05-29,TN,Midday,7,20,74,10
2025-05-29,FL,Midday,4,83,97,85
2025-05-29,NY,Midday,5,43,39,66
2025-05-29,GA,Evening,6,40,28,52
2025-05-29,TN,Evening,0,34,48,50
2025-05-29,FL,Evening,4,9,51,82
2025-05-29,NY,Evening,1,50,90,12
2025-05-29,NJ,Evening,2,9,73,68
2025-05-29,GA,Night,9,91,53,69
2025-05-30,TN,Morning,9,87,79,48
2025-05-30,GA,Midday,3,68,34,16
2025-05-30,NJ,Midday,0,61,78,20
2025-05-30,TN,Midday,4,51,14,63
2025-05-30,FL,Midday,6,55,2,6
2025-05-30,NY,Midday,8,75,84,80
2025-05-30,GA,Evening,3,29,5,30
2025-05-30,TN,Evening,9,55,38,39
2025-05-30,FL,Evening,2,10,45,84
2025-05-30,NY,Evening,0,88,51,98
2025-05-30,NJ,Evening,8,41,48,14
2025-05-30,GA,Night,6,67,51,81
2025-05-31,TN,Morning,9,14,42,57
2025-05-31,GA,Midday,1,35,46,83
2025-05-31,NJ,Midday,5,29,68,77
2025-05-31,TN,Midday,0,27,97,16
2025-05-31,FL,Midday,6,2,62,44
2025-05-31,NY,Midday,5,42,50,20
2025-05-31,GA,Evening,5,50,75,64
2025-05-31,TN,Evening,8,76,69,90
2025-05-31,FL,Evening,4,3,1,77
2025-05-31,NY,Evening,8,72,51,94
2025-05-31,NJ,Evening,4,95,12,30
2025-05-31,GA,Night,1,63,8,1
2025-06-01,GA,Midday,0,21,9,61
2025-06-01,NJ,Midday,1,10,22,83
2025-06-01,FL,Midday,0,31,36,28
2025-06-01,NY,Midday,4,15,29,95
2025-06-01,GA,Evening,9,96,16,75
2025-06-01,TN,Evening,5,37,1,26
2025-06-01,FL,Evening,2,89,25,70
2025-06-01,NY,Evening,7,72,2,85
2025-06-01,NJ,Evening,4,75,47,70
2025-06-01,GA,Night,3,80,25,63
2025-06-02,TN,Morning,6,28,8,52
2025-06-02,GA,Midday,6,7,89,29
2025-06-02,NJ,Midday,9,46,42,18
2025-06-02,TN,Midday,3,86,94,23
2025-06-02,FL,Midday,0,26,37,42
2025-06-02,NY,Midday,9,36,32,12
2025-06-02,GA,Evening,5,83,55,75
2025-06-02,TN,Evening,5,99,79,13
2025-06-02,FL,Evening,7,16,2,81
2025-06-02,NY,Evening,6,24,31,25
2025-06-02,NJ,Evening,4,57,1,6
2025-06-02,GA,Night,7,40,26,22
2025-06-03,TN,Morning,0,91,14,60
2025-06-03,GA,Midday,2,72,23,98
2025-06-03,NJ,Midday,2,11,8,58
2025-06-03,TN,Midday,5,13,55,7
2025-06-03,FL,Midday,5,90,58,24
2025-06-03,NY,Midday,4,21,75,47
2025-06-03,GA,Evening,9,79,6,31
2025-06-03,TN,Evening,6,42,99,61
2025-06-03,NY,Evening,4,79,77,97
2025-06-03,NJ,Evening,7,60,6,84
2025-06-03,GA,Night,2,92,4,17
2025-06-04,TN,Morning,0,52,19,42
2025-06-04,GA,Midday,5,37,36,18
2025-06-04,NJ,Midday,9,37,26,98
2025-06-04,TN,Midday,4,99,72,62
2025-06-04,FL,Midday,7,52,7,20
2025-06-04,NY,Midday,5,92,14,11
2025-06-04,GA,Evening,0,84,5,15
2025-06-04,TN,Evening,7,7,98,25
2025-06-04,FL,Evening,9,3,84,94
2025-06-04,NY,Evening,3,71,47,59
2025-06-04,NJ,Evening,0,71,58,28
2025-06-04,GA,Night,1,10,89,96
2025-06-05,TN,Morning,5,72,68,42
2025-06-05,GA,Midday,0,48,61,82
2025-06-05,NJ,Midday,3,42,67,69
2025-06-05,TN,Midday,9,51,75,83
2025-06-05,FL,Midday,9,53,21,39
2025-06-05,NY,Midday,9,4,78,23
2025-06-05,GA,Evening,3,46,12,79
2025-06-05,TN,Evening,7,47,59,68
2025-06-05,FL,Evening,2,98,23,42
2025-06-05,NY,Evening,3,35,77,38
2025-06-05,NJ,Evening,1,70,42,13
2025-06-05,GA,Night,1,38,92,15
2025-06-06,TN,Morning,7,74,5,88
2025-06-06,GA,Midday,4,44,87,25
2025-06-06,NJ,Midday,2,74,41,76
2025-06-06,TN,Midday,7,67,77,0
2025-06-06,FL,Midday,5,89,64,51
2025-06-06,NY,Midday,6,47,2,76
2025-06-06,GA,Evening,8,91,95,74
2025-06-06,TN,Evening,0,46,16,80
2025-06-06,FL,Evening,8,53,40,25
2025-06-06,NY,Evening,7,5,75,32
2025-06-06,NJ,Evening,5,79,64,32
2025-06-06,GA,Night,8,93,52,61
2025-06-07,TN,Morning,3,29,47,18
2025-06-07,GA,Midday,7,87,16,20
2025-06-07,NJ,Midday,5,57,25,93
2025-06-07,TN,Midday,0,96,77,60
2025-06-07,FL,Midday,2,55,21,64
2025-06-07,NY,Midday,8,2,27,82
2025-06-07,GA,Evening,3,58,83,79
2025-06-07,TN,Evening,0,43,1,47
2025-06-07,FL,Evening,8,11,7,79
2025-06-07,NY,Evening,2,99,40,93
2025-06-07,NJ,Evening,8,6,81,7
2025-06-07,GA,Night,7,32,58,9
2025-06-08,GA,Midday,8,37,85,67
2025-06-08,NJ,Midday,2,70,19,37
2025-06-08,FL,Midday,2,83,46,93
2025-06-08,NY,Midday,7,46,3,5
2025-06-08,GA,Evening,0,4,59,30
2025-06-08,TN,Evening,6,44,2,19
2025-06-08,FL,Evening,6,78,60,82
2025-06-08,NY,Evening,3,6,95,15
2025-06-08,NJ,Evening,1,59,46,47
2025-06-08,GA,Night,1,24,91,88
2025-06-09,TN,Morning,7,1,5,45
2025-06-09,GA,Midday,3,83,90,27
2025-06-09,NJ,Midday,2,54,7,40
2025-06-09,TN,Midday,2,41,92,60
2025-06-09,FL,Midday,5,72,4,66
2025-06-09,NY,Midday,9,20,33,15
2025-06-09,GA,Evening,6,38,49,62
2025-06-09,TN,Evening,8,37,31,45
2025-06-09,FL,Evening,5,34,19,75
2025-06-09,NY,Evening,3,1,33,57
2025-06-09,NJ,Evening,8,11,32,96
2025-06-09,GA,Night,0,18,59,71
2025-06-10,TN,Morning,1,91,34,18
2025-06-10,GA,Midday,2,30,84,96
2025-06-10,NJ,Midday,5,73,1,98
2025-06-10,TN,Midday,8,58,39,98
2025-06-10,FL,Midday,8,26,12,15
2025-06-10,NY,Midday,7,49,52,36
2025-06-10,GA,Evening,2,33,78,7
2025-06-10,TN,Evening,1,75,76,6
2025-06-10,FL,Evening,5,16,73,82
2025-06-10,NY,Evening,7,46,0,21
2025-06-10,NJ,Evening,2,10,62,29
2025-06-10,GA,Night,8,41,53,39
2025-06-11,TN,Morning,5,54,36,31
2025-06-11,GA,Midday,9,6,68,58
2025-06-11,NJ,Midday,6,34,52,30
2025-06-11,TN,Midday,0,32,12,91
2025-06-11,FL,Midday,8,5,58,82
2025-06-11,NY,Midday,9,46,82,59
2025-06-11,GA,Evening,7,40,73,97
2025-06-11,TN,Evening,7,63,76,66
2025-06-11,FL,Evening,8,36,75,51
2025-06-11,NY,Evening,7,43,76,43
2025-06-11,NJ,Evening,9,60,6,10
2025-06-11,GA,Night,5,33,70,27
2025-06-12,TN,Morning,4,93,12,89
2025-06-12,GA,Midday,2,90,66,34
2025-06-12,NJ,Midday,2,3,92,70
2025-06-12,TN,Midday,5,99,62,47
2025-06-12,FL,Midday,1,51,86,93
2025-06-12,NY,Midday,8,66,69,67
2025-06-12,GA,Evening,6,93,3,5
2025-06-12,TN,Evening,7,28,78,77
2025-06-12,FL,Evening,4,59,6,25
2025-06-12,NY,Evening,7,23,5,9
2025-06-12,NJ,Evening,4,46,7,64
2025-06-12,GA,Night,1,48,40,81
2025-06-13,TN,Morning,9,19,51,22
2025-06-13,GA,Midday,9,50,88,92
2025-06-13,NJ,Midday,9,99,68,62
2025-06-13,TN,Midday,9,80,19,78
2025-06-13,FL,Midday,4,49,50,45
2025-06-13,NY,Midday,0,5,9,3
2025-06-13,GA,Evening,7,34,79,59
2025-06-13,TN,Evening,1,84,47,29
2025-06-13,FL,Evening,5,44,3,60
2025-06-13,NY,Evening,1,90,34,46
2025-06-13,NJ,Evening,1,15,3,94
2025-06-13,GA,Night,6,10,37,46
2025-06-14,TN,Morning,0,60,97,52
2025-06-14,GA,Midday,1,1,85,23
2025-06-14,NJ,Midday,2,14,38,38
2025-06-14,TN,Midday,1,18,91,85
2025-06-14,FL,Midday,7,28,3,20
2025-06-14,NY,Midday,5,28,11,51
2025-06-14,GA,Evening,8,24,81,3
2025-06-14,TN,Evening,8,63,15,55
2025-06-14,FL,Evening,1,88,4,9
2025-06-14,NY,Evening,8,62,35,49
2025-06-14,NJ,Evening,3,94,81,42
2025-06-14,GA,Night,2,40,89,25
2025-06-15,GA,Midday,7,67,91,72
2025-06-15,NJ,Midday,0,31,31,73
2025-06-15,FL,Midday,6,44,94,54
2025-06-15,NY,Midday,0,19,47,92
2025-06-15,GA,Evening,4,64,81,32
2025-06-15,TN,Evening,2,50,99,44
2025-06-15,FL,Evening,9,57,27,52
2025-06-15,NY,Evening,1,92,88,51
2025-06-15,NJ,Evening,2,53,75,38
2025-06-15,GA,Night,0,83,11,1
2025-06-16,TN,Morning,4,0,96,60
2025-06-16,GA,Midday,1,16,70,67
2025-06-16,NJ,Midday,1,70,70,48
2025-06-16,TN,Midday,6,24,91,20
2025-06-16,FL,Midday,8,97,82,22
2025-06-16,NY,Midday,9,84,34,15
2025-06-16,GA,Evening,5,50,50,90
2025-06-16,TN,Evening,9,92,18,59
2025-06-16,FL,Evening,1,43,87,5
2025-06-16,NY,Evening,1,34,30,41
2025-06-16,NJ,Evening,4,31,7,68
2025-06-16,GA,Night,5,56,41,77
2025-06-17,GA,Midday,3,43,15,11
2025-06-17,NY,Midday,2,11,76,60
2025-06-17,GA,Evening,9,47,62,68
2025-06-17,NY,Evening,6,80,91,50
2025-06-17,GA,Night,7,3,20,46
2025-06-18,TN,Morning,5,8,5,2
2025-06-18,GA,Midday,2,14,73,52
2025-06-18,NJ,Midday,2,34,98,63
2025-06-18,TN,Midday,5,35,2,32
2025-06-18,FL,Midday,5,1,28,99
2025-06-18,NY,Midday,8,78,71,93
2025-06-18,GA,Evening,7,88,93,74
2025-06-18,TN,Evening,9,92,38,17
2025-06-18,NY,Evening,6,10,2,60
2025-06-18,NJ,Evening,3,51,48,11
2025-06-18,GA,Night,9,40,49,58
2025-06-19,TN,Morning,6,34,28,63
2025-06-19,GA,Midday,8,55,9,65
2025-06-19,NJ,Midday,0,34,34,31
2025-06-19,TN,Midday,8,96,98,69
2025-06-19,FL,Midday,2,55,80,93
2025-06-19,NY,Midday,2,55,21,40
2025-06-19,GA,Evening,3,16,68,13
2025-06-19,TN,Evening,8,83,48,35
2025-06-19,FL,Evening,2,62,78,9
2025-06-19,NY,Evening,5,20,64,54
2025-06-19,NJ,Evening,7,40,55,85
2025-06-19,GA,Night,4,19,87,12
2025-06-20,TN,Morning,6,13,17,60
2025-06-20,GA,Midday,0,21,38,21
2025-06-20,NJ,Midday,3,99,45,36
2025-06-20,TN,Midday,8,2,29,81
2025-06-20,FL,Midday,4,33,92,40
2025-06-20,NY,Midday,5,73,81,89
2025-06-20,GA,Evening,0,25,60,2
2025-06-20,TN,Evening,7,13,33,45
2025-06-20,FL,Evening,2,41,76,47
2025-06-20,NY,Evening,3,8,2,9
2025-06-20,NJ,Evening,4,45,29,90
2025-06-20,GA,Night,1,24,28,11
2025-06-21,TN,Morning,0,15,61,38
2025-06-21,GA,Midday,2,79,37,94
2025-06-21,NJ,Midday,1,82,14,50
2025-06-21,TN,Midday,5,23,89,0
2025-06-21,FL,Midday,9,27,71,2
2025-06-21,NY,Midday,8,2,35,99
2025-06-21,GA,Evening,4,28,29,27
2025-06-21,TN,Evening,5,95,70,13
2025-06-21,FL,Evening,1,20,72,38
2025-06-21,NY,Evening,6,2,97,0
2025-06-21,NJ,Evening,5,54,94,64
2025-06-21,GA,Night,3,10,66,65
2025-06-22,GA,Midday,5,41,80,36
2025-06-22,NJ,Midday,9,85,75,57
2025-06-22,FL,Midday,3,30,92,58
2025-06-22,NY,Midday,2,2,14,57
2025-06-22,GA,Evening,5,64,66,38
2025-06-22,TN,Evening,7,37,50,22
2025-06-22,FL,Evening,9,24,73,37
2025-06-22,NY,Evening,9,68,3,79
2025-06-22,NJ,Evening,8,87,52,65
2025-06-22,GA,Night,0,15,73,82
2025-06-23,TN,Morning,2,58,34,94
2025-06-23,GA,Midday,5,58,26,22
2025-06-23,NJ,Midday,1,6,18,40
2025-06-23,TN,Midday,2,34,2,63
2025-06-23,FL,Midday,6,65,77,14
2025-06-23,NY,Midday,6,38,5,1
2025-06-23,GA,Evening,7,7,5,94
2025-06-23,TN,Evening,1,66,86,91
2025-06-23,FL,Evening,4,65,47,85
2025-06-23,NY,Evening,7,67,46,82
2025-06-23,NJ,Evening,1,52,86,78
2025-06-23,GA,Night,7,69,18,19
2025-06-24,TN,Morning,6,14,0,23
2025-06-24,GA,Midday,0,8,62,72
2025-06-24,NJ,Midday,2,29,92,85
2025-06-24,TN,Midday,1,57,41,68
2025-06-24,FL,Midday,7,33,99,84
2025-06-24,NY,Midday,8,85,24,64
2025-06-24,GA,Evening,7,16,6,19
2025-06-24,TN,Evening,4,57,47,11
2025-06-24,FL,Evening,2,71,6,36
2025-06-24,NY,Evening,5,87,20,57
2025-06-24,NJ,Evening,4,31,60,40
2025-06-24,GA,Night,8,28,78,80
2025-06-25,TN,Morning,3,95,63,71
2025-06-25,GA,Midday,6,81,34,80
2025-06-25,NJ,Midday,1,58,85,29
2025-06-25,TN,Midday,7,80,72,74
2025-06-25,FL,Midday,3,10,43,5
2025-06-25,NY,Midday,5,42,17,25
2025-06-25,GA,Evening,5,8,25,44
2025-06-25,TN,Evening,2,59,20,12
2025-06-25,FL,Evening,6,95,37,83
2025-06-25,NY,Evening,4,49,84,70
2025-06-25,NJ,Evening,5,90,24,72
2025-06-25,GA,Night,4,32,18,2
2025-06-26,TN,Morning,2,93,43,96
2025-06-26,GA,Midday,5,27,58,10
2025-06-26,NJ,Midday,8,19,0,73
2025-06-26,TN,Midday,5,32,62,68
2025-06-26,FL,Midday,1,0,81,66
2025-06-26,NY,Midday,1,42,16,9
2025-06-26,GA,Evening,9,52,95,58
2025-06-26,TN,Evening,6,2,86,24
2025-06-26,FL,Evening,3,37,57,35
2025-06-26,NY,Evening,9,24,29,50
2025-06-26,NJ,Evening,7,56,1,15
2025-06-26,GA,Night,5,97,4,51
2025-06-27,TN,Morning,8,84,4,14
2025-06-27,GA,Midday,9,79,83,81
2025-06-27,NJ,Midday,7,35,49,94
2025-06-27,TN,Midday,1,80,30,51
2025-06-27,FL,Midday,6,98,1,78
2025-06-27,NY,Midday,0,76,70,87
2025-06-27,GA,Evening,8,65,99,36
2025-06-27,TN,Evening,3,53,36,34
2025-06-27,FL,Evening,7,61,38,68
2025-06-27,NY,Evening,1,44,7,80
2025-06-27,NJ,Evening,8,4,7,36
2025-06-27,GA,Night,2,88,39,87
2025-06-28,TN,Morning,8,29,46,25
2025-06-28,GA,Midday,2,73,64,63
2025-06-28,NJ,Midday,1,0,15,76
2025-06-28,TN,Midday,1,39,38,99
2025-06-28,FL,Midday,8,94,71,29
2025-06-28,NY,Midday,4,54,64,73
2025-06-28,GA,Evening,8,16,83,80
2025-06-28,TN,Evening,5,66,18,77
2025-06-28,FL,Evening,1,69,63,13
2025-06-28,NY,Evening,8,25,64,70
2025-06-28,NJ,Evening,2,24,69,51
2025-06-28,GA,Night,7,3,66,28
2025-06-29,GA,Midday,3,38,78,26
2025-06-29,NJ,Midday,9,45,8,12
2025-06-29,FL,Midday,0,65,31,72
2025-06-29,NY,Midday,5,34,26,79
2025-06-29,GA,Evening,8,67,70,18
2025-06-29,TN,Evening,1,1,94,8
2025-06-29,FL,Evening,5,16,13,65
2025-06-29,NY,Evening,4,67,7,81
2025-06-29,NJ,Evening,3,36,56,77
2025-06-29,GA,Night,7,64,40,98
2025-06-30,TN,Morning,5,40,20,29
2025-06-30,GA,Midday,0,4,91,84
2025-06-30,NJ,Midday,0,79,4,31
2025-06-30,TN,Midday,1,17,51,16
2025-06-30,FL,Midday,4,65,14,89
2025-06-30,NY,Midday,4,23,45,48
2025-06-30,GA,Evening,9,2,54,45
2025-06-30,TN,Evening,4,59,94,43
2025-06-30,FL,Evening,8,82,74,51
2025-06-30,NY,Evening,7,84,17,61
2025-06-30,NJ,Evening,8,68,46,89
2025-06-30,GA,Night,1,45,36,94
2025-07-01,TN,Morning,3,27,37,7
2025-07-01,GA,Midday,1,41,45,15
2025-07-01,NJ,Midday,1,44,78,26
2025-07-01,TN,Midday,9,33,24,2
2025-07-01,FL,Midday,2,58,46,37
2025-07-01,NY,Midday,8,5,58,45
2025-07-01,GA,Evening,2,49,74,52
2025-07-01,TN,Evening,7,69,28,85
2025-07-01,FL,Evening,2,77,26,5
2025-07-01,NY,Evening,9,46,38,33
2025-07-01,NJ,Evening,5,25,8,44
2025-07-01,GA,Night,9,7,81,2
2025-07-02,TN,Morning,7,95,44,39
2025-07-02,GA,Midday,0,25,75,93
2025-07-02,NJ,Midday,9,77,91,47
2025-07-02,TN,Midday,7,92,91,66
2025-07-02,FL,Midday,7,8,77,76
2025-07-02,NY,Midday,4,83,0,15
2025-07-02,GA,Evening,8,52,91,83
2025-07-02,TN,Evening,1,48,88,74
2025-07-02,FL,Evening,6,94,70,69
2025-07-02,NY,Evening,9,34,54,8
2025-07-02,NJ,Evening,8,51,83,87
2025-07-02,GA,Night,7,43,8,98
2025-07-03,TN,Morning,3,65,30,68
2025-07-03,GA,Midday,1,60,87,94
2025-07-03,NJ,Midday,7,81,35,69
2025-07-03,TN,Midday,1,60,43,64
2025-07-03,FL,Midday,5,14,31,75
2025-07-03,NY,Midday,7,76,15,58
2025-07-03,GA,Evening,4,3,15,15
2025-07-03,TN,Evening,4,75,89,4
2025-07-03,FL,Evening,8,60,19,70
2025-07-03,NY,Evening,5,62,52,49
2025-07-03,NJ,Evening,8,64,32,40
2025-07-03,GA,Night,7,23,2,40
2025-07-04,TN,Morning,0,73,61,20
2025-07-04,GA,Midday,7,8,10,61
2025-07-04,NJ,Midday,6,1,60,81
2025-07-04,TN,Midday,5,76,36,63
2025-07-04,FL,Midday,6,20,27,52
2025-07-04,NY,Midday,5,69,11,83
2025-07-04,GA,Evening,6,83,67,11
2025-07-04,TN,Evening,1,92,65,64
2025-07-04,FL,Evening,2,60,87,80
2025-07-04,NY,Evening,9,65,33,33
2025-07-04,NJ,Evening,0,41,79,68
2025-07-04,GA,Night,1,42,10,48
2025-07-05,TN,Morning,0,0,66,45
2025-07-05,GA,Midday,0,25,30,41
2025-07-05,NJ,Midday,8,41,55,67
2025-07-05,TN,Midday,9,35,47,43
2025-07-05,FL,Midday,0,85,93,0
2025-07-05,NY,Midday,6,89,10,2
2025-07-05,GA,Evening,4,51,78,26
2025-07-05,TN,Evening,1,99,33,56
2025-07-05,FL,Evening,2,15,31,73
2025-07-05,NY,Evening,7,46,33,42
2025-07-05,NJ,Evening,5,64,81,18
2025-07-05,GA,Night,3,47,98,12
2025-07-06,GA,Midday,4,7,32,57
2025-07-06,NJ,Midday,5,83,54,1
2025-07-06,FL,Midday,7,87,12,92
2025-07-06,NY,Midday,9,32,61,22
2025-07-06,GA,Evening,1,40,2,90
2025-07-06,TN,Evening,8,95,11,3
2025-07-06,FL,Evening,4,34,47,31
2025-07-06,NY,Evening,3,21,82,99
2025-07-06,NJ,Evening,2,16,39,77
2025-07-06,GA,Night,8,64,51,48
2025-07-07,TN,Morning,4,9,56,16
2025-07-07,GA,Midday,7,4,6,88
2025-07-07,NJ,Midday,8,18,70,93
2025-07-07,TN,Midday,6,77,84,23
2025-07-07,FL,Midday,9,64,40,12
2025-07-07,NY,Midday,2,96,46,9
2025-07-07,GA,Evening,6,75,56,17
2025-07-07,TN,Evening,8,30,58,9
2025-07-07,FL,Evening,7,85,58,20
2025-07-07,NY,Evening,4,71,28,50
2025-07-07,NJ,Evening,5,2,85,16
2025-07-07,GA,Night,1,54,74,15
2025-07-08,TN,Morning,4,12,70,67
2025-07-08,GA,Midday,2,81,25,48
2025-07-08,NJ,Midday,4,33,12,18
2025-07-08,TN,Midday,9,74,31,77
2025-07-08,FL,Midday,6,40,20,13
2025-07-08,NY,Midday,0,85,66,22
2025-07-08,GA,Evening,2,47,54,0
2025-07-08,TN,Evening,4,93,60,71
2025-07-08,FL,Evening,1,11,49,10
2025-07-08,NY,Evening,0,42,98,30
2025-07-08,NJ,Evening,9,40,38,12
2025-07-08,GA,Night,9,49,31,40
2025-07-09,TN,Morning,8,93,98,64
2025-07-09,GA,Midday,4,81,56,44
2025-07-09,NJ,Midday,7,32,98,82
2025-07-09,TN,Midday,7,3,49,68
2025-07-09,FL,Midday,9,29,85,34
2025-07-09,NY,Midday,4,70,31,64
2025-07-09,GA,Evening,3,8,50,27
2025-07-09,TN,Evening,3,90,54,42
2025-07-09,FL,Evening,1,19,6,97
2025-07-09,NY,Evening,2,77,43,38
2025-07-09,NJ,Evening,1,39,67,42
2025-07-09,GA,Night,5,88,82,44
2025-07-10,TN,Morning,2,96,49,66
2025-07-10,GA,Midday,7,69,38,38
2025-07-10,NJ,Midday,8,74,93,87
2025-07-10,TN,Midday,6,74,44,74
2025-07-10,FL,Midday,9,27,93,77
2025-07-10,NY,Midday,6,17,46,34
2025-07-10,GA,Evening,3,14,21,27
2025-07-10,TN,Evening,6,26,19,27
2025-07-10,FL,Evening,4,0,2,44
2025-07-10,NY,Evening,3,69,45,89
2025-07-10,NJ,Evening,5,95,90,14
2025-07-10,GA,Night,9,36,95,18
2025-07-11,TN,Morning,1,62,53,73
2025-07-11,GA,Midday,7,75,25,50
2025-07-11,NJ,Midday,7,49,64,53
2025-07-11,TN,Midday,4,36,11,9
2025-07-11,FL,Midday,1,87,39,58
2025-07-11,NY,Midday,1,71,41,6
2025-07-11,GA,Evening,3,30,21,33
2025-07-11,TN,Evening,6,82,79,69
2025-07-11,FL,Evening,5,11,78,77
2025-07-11,NY,Evening,3,83,85,79
2025-07-11,NJ,Evening,5,47,87,48
2025-07-11,GA,Night,3,73,29,56
2025-07-12,TN,Morning,0,9,66,4
2025-07-12,GA,Midday,0,92,73,18
2025-07-12,NJ,Midday,5,76,93,43
2025-07-12,TN,Midday,7,33,45,25
2025-07-12,FL,Midday,4,28,10,18
2025-07-12,NY,Midday,0,72,51,95
2025-07-12,GA,Evening,3,93,64,34
2025-07-12,TN,Evening,5,58,50,1
2025-07-12,FL,Evening,1,65,22,39
2025-07-12,NY,Evening,3,67,43,37
2025-07-12,NJ,Evening,3,8,44,93
2025-07-12,GA,Night,6,49,45,40
2025-07-13,GA,Midday,6,83,8,36
2025-07-13,NJ,Midday,8,58,35,63
2025-07-13,FL,Midday,9,32,24,38
2025-07-13,NY,Midday,7,6,42,90
2025-07-13,GA,Evening,8,95,85,87
2025-07-13,TN,Evening,7,30,4,58
2025-07-13,FL,Evening,1,62,28,86
2025-07-13,NY,Evening,5,47,24,2
2025-07-13,NJ,Evening,3,38,28,53
2025-07-13,GA,Night,5,9,22,36
2025-07-14,TN,Morning,1,79,54,84
2025-07-14,GA,Midday,3,99,30,66
2025-07-14,NJ,Midday,0,37,55,95
2025-07-14,TN,Midday,6,28,96,20
2025-07-14,FL,Midday,2,30,32,91
2025-07-14,NY,Midday,1,12,85,82
2025-07-14,GA,Evening,8,43,23,65
2025-07-14,TN,Evening,6,90,54,22
2025-07-14,FL,Evening,9,31,74,75
2025-07-14,NY,Evening,9,90,6,43
2025-07-14,NJ,Evening,4,9,82,96
2025-07-14,GA,Night,9,25,77,39
2025-07-15,TN,Morning,7,16,47,3
2025-07-15,GA,Midday,0,35,52,24
2025-07-15,NJ,Midday,1,34,52,52
2025-07-15,TN,Midday,6,58,7,61
2025-07-15,FL,Midday,5,86,39,25
2025-07-15,NY,Midday,4,3,9,47
2025-07-15,GA,Evening,9,23,5,8
2025-07-15,TN,Evening,6,31,42,37
2025-07-15,FL,Evening,8,68,60,79
2025-07-15,NY,Evening,4,23,39,3
2025-07-15,NJ,Evening,8,41,82,34
2025-07-15,GA,Night,0,84,29,57
2025-07-16,TN,Morning,2,53,70,97
2025-07-16,GA,Midday,8,48,90,0
2025-07-16,NJ,Midday,1,31,32,25
2025-07-16,TN,Midday,1,40,27,46
2025-07-16,FL,Midday,4,35,5,71
2025-07-16,NY,Midday,9,57,9,81
2025-07-16,GA,Evening,7,87,77,81
2025-07-16,TN,Evening,0,92,39,36
2025-07-16,FL,Evening,1,27,69,6
2025-07-16,NY,Evening,3,98,89,27
2025-07-16,NJ,Evening,3,66,39,85
2025-07-16,GA,Night,3,82,1,41
2025-07-17,TN,Morning,2,2,58,90
2025-07-17,GA,Midday,5,72,11,43
2025-07-17,NJ,Midday,8,2,41,78
2025-07-17,TN,Midday,1,45,64,3
2025-07-17,FL,Midday,5,43,95,67
2025-07-17,NY,Midday,5,3,58,67
2025-07-17,GA,Evening,3,49,99,5
2025-07-17,TN,Evening,6,15,32,47
2025-07-17,FL,Evening,4,61,34,33
2025-07-17,NY,Evening,6,47,19,39
2025-07-17,NJ,Evening,6,31,47,9
2025-07-17,GA,Night,7,9,55,80
2025-07-18,TN,Morning,4,20,74,81
2025-07-18,GA,Midday,8,76,33,0
2025-07-18,NJ,Midday,0,25,79,79
2025-07-18,TN,Midday,7,65,31,37
2025-07-18,FL,Midday,8,37,92,55
2025-07-18,NY,Midday,4,84,37,15
2025-07-18,GA,Evening,0,0,2,32
2025-07-18,TN,Evening,5,49,1,87
2025-07-18,FL,Evening,2,55,14,79
2025-07-18,NY,Evening,0,2,11,73
2025-07-18,NJ,Evening,7,29,48,82
2025-07-18,GA,Night,4,61,95,77
2025-07-19,TN,Morning,8,44,20,89
2025-07-19,GA,Midday,4,80,77,71
2025-07-19,NJ,Midday,7,17,77,58
2025-07-19,TN,Midday,1,57,38,49
2025-07-19,FL,Midday,7,83,15,8
2025-07-19,NY,Midday,0,94,19,30
2025-07-19,GA,Evening,0,22,92,15
2025-07-19,TN,Evening,3,45,61,48
2025-07-19,FL,Evening,1,79,98,9
2025-07-19,NY,Evening,2,42,84,40
2025-07-19,NJ,Evening,5,91,60,13
2025-07-19,GA,Night,1,3,24,15
2025-07-20,GA,Midday,6,68,57,38
2025-07-20,NJ,Midday,7,73,12,26
2025-07-20,FL,Midday,2,55,3,97
2025-07-20,NY,Midday,8,40,21,49
2025-07-20,GA,Evening,5,60,23,34
2025-07-20,TN,Evening,0,53,54,28
2025-07-20,FL,Evening,5,75,81,94
2025-07-20,NY,Evening,7,83,58,5
2025-07-20,NJ,Evening,8,30,9,69
2025-07-20,GA,Night,4,39,47,79
2025-07-21,TN,Morning,4,63,66,8
2025-07-21,GA,Midday,7,89,38,18
2025-07-21,NJ,Midday,2,23,19,48
2025-07-21,TN,Midday,1,53,97,21
2025-07-21,FL,Midday,1,98,90,90
2025-07-21,NY,Midday,9,12,16,58
2025-07-21,GA,Evening,1,95,48,90
2025-07-21,TN,Evening,4,58,29,92
2025-07-21,FL,Evening,4,46,38,31
2025-07-21,NY,Evening,5,58,30,98
2025-07-21,NJ,Evening,9,70,41,66
2025-07-21,GA,Night,1,85,67,37
2025-07-22,TN,Morning,4,1,20,5
2025-07-22,GA,Midday,5,96,79,98
2025-07-22,NJ,Midday,8,91,21,35
2025-07-22,TN,Midday,9,76,49,51
2025-07-22,FL,Midday,3,1,41,46
2025-07-22,NY,Midday,9,39,62,75
2025-07-22,GA,Evening,8,80,72,69
2025-07-22,TN,Evening,8,28,57,68
2025-07-22,NY,Evening,7,99,43,23
2025-07-22,NJ,Evening,8,64,77,41
2025-07-22,GA,Night,0,2,2,6
2025-07-23,TN,Morning,8,41,52,58
2025-07-23,GA,Midday,1,68,72,45
2025-07-23,NJ,Midday,4,66,70,72
2025-07-23,TN,Midday,9,0,72,27
2025-07-23,FL,Midday,1,36,24,36
2025-07-23,NY,Midday,7,65,84,74
2025-07-23,GA,Evening,9,16,54,40
2025-07-23,TN,Evening,3,37,75,82
2025-07-23,FL,Evening,3,84,37,29
2025-07-23,NY,Evening,8,12,0,48
2025-07-23,NJ,Evening,0,38,35,31
2025-07-23,GA,Night,8,35,58,21
2025-07-24,TN,Morning,6,35,75,64
2025-07-24,GA,Midday,7,71,21,20
2025-07-24,NJ,Midday,8,37,52,49
2025-07-24,TN,Midday,1,14,32,69
2025-07-24,FL,Midday,3,42,40,39
2025-07-24,NY,Midday,1,43,63,89
2025-07-24,GA,Evening,5,62,71,43
2025-07-24,TN,Evening,9,15,83,36
2025-07-24,FL,Evening,6,7,5,98
2025-07-24,NY,Evening,4,43,98,28
2025-07-24,NJ,Evening,3,37,38,44
2025-07-24,GA,Night,7,74,2,67
2025-07-25,TN,Morning,3,60,28,90
2025-07-25,GA,Midday,7,86,61,71
2025-07-25,NJ,Midday,7,69,43,85
2025-07-25,TN,Midday,3,27,84,6
2025-07-25,FL,Midday,7,31,87,73
2025-07-25,NY,Midday,2,86,10,37
2025-07-25,GA,Evening,0,84,3,32
2025-07-25,TN,Evening,9,31,53,46
2025-07-25,NY,Evening,8,82,10,1
2025-07-25,NJ,Evening,0,83,2,65
2025-07-25,GA,Night,3,77,16,87
2025-07-26,TN,Morning,7,74,75,78
2025-07-26,GA,Midday,4,89,11,80
2025-07-26,NJ,Midday,0,31,24,73
2025-07-26,TN,Midday,8,59,41,2
2025-07-26,FL,Midday,6,47,54,58
2025-07-26,NY,Midday,1,88,42,53
2025-07-26,GA,Evening,6,53,5,54
2025-07-26,TN,Evening,3,50,5,19
2025-07-26,FL,Evening,8,37,89,35
2025-07-26,NY,Evening,4,20,70,84
2025-07-26,NJ,Evening,6,73,7,94
2025-07-26,GA,Night,7,26,42,27
2025-07-27,GA,Midday,4,93,87,42
2025-07-27,NJ,Midday,1,51,33,74
2025-07-27,FL,Midday,9,81,78,9
2025-07-27,NY,Midday,0,28,16,49
2025-07-27,GA,Evening,4,92,30,34
2025-07-27,TN,Evening,3,93,45,79
2025-07-27,FL,Evening,9,99,28,84
2025-07-27,NY,Evening,7,90,17,65
2025-07-27,NJ,Evening,7,74,1,16
2025-07-27,GA,Night,8,17,32,31
2025-07-28,TN,Morning,6,62,57,48
2025-07-28,GA,Midday,9,44,75,30
2025-07-28,NJ,Midday,7,21,10,10
2025-07-28,TN,Midday,2,2,35,10
2025-07-28,FL,Midday,7,14,14,21
2025-07-28,NY,Midday,1,38,51,52
2025-07-28,GA,Evening,7,65,39,80
2025-07-28,TN,Evening,6,23,22,37
2025-07-28,FL,Evening,1,20,45,17
2025-07-28,NY,Evening,9,15,89,24
2025-07-28,NJ,Evening,8,17,1,70
2025-07-28,GA,Night,5,37,84,64
2025-07-29,TN,Morning,4,42,90,22
2025-07-29,GA,Midday,4,70,45,80
2025-07-29,NJ,Midday,2,15,0,40
2025-07-29,TN,Midday,1,25,66,96
2025-07-29,FL,Midday,8,61,49,37
2025-07-29,NY,Midday,4,77,79,91
2025-07-29,GA,Evening,9,17,45,91
2025-07-29,TN,Evening,0,39,7,4
2025-07-29,FL,Evening,1,94,88,72
2025-07-29,NY,Evening,5,27,90,25
2025-07-29,NJ,Evening,7,14,26,91
2025-07-29,GA,Night,8,59,59,31
2025-07-30,TN,Morning,8,84,86,82
2025-07-30,GA,Midday,5,61,81,66
2025-07-30,NJ,Midday,8,46,74,29
2025-07-30,TN,Midday,7,9,43,65
2025-07-30,FL,Midday,6,23,25,91
2025-07-30,NY,Midday,4,63,9,75
2025-07-30,GA,Evening,6,70,1,82
2025-07-30,TN,Evening,9,32,37,74
2025-07-30,FL,Evening,0,88,62,82
2025-07-30,NY,Evening,8,34,46,43
2025-07-30,NJ,Evening,3,31,11,70
2025-07-30,GA,Night,2,31,6,35
2025-07-31,TN,Morning,2,73,21,5
2025-07-31,GA,Midday,3,51,16,95
2025-07-31,NJ,Midday,6,52,93,25
2025-07-31,TN,Midday,7,87,24,86
2025-07-31,FL,Midday,8,93,54,14
2025-07-31,NY,Midday,9,15,18,72
2025-07-31,GA,Evening,9,99,6,81
2025-07-31,TN,Evening,0,83,28,41
2025-07-31,FL,Evening,5,3,47,97
2025-07-31,NY,Evening,2,46,88,73
2025-07-31,NJ,Evening,0,92,11,61
2025-07-31,GA,Night,5,34,39,16
2025-08-01,GA,Midday,7,63,8,81
2025-08-01,NY,Midday,4,21,56,30
2025-08-01,GA,Evening,6,48,1,89
2025-08-01,NY,Evening,7,63,39,42
2025-08-01,GA,Night,7,90,23,0
2025-08-02,GA,Midday,8,49,18,42
2025-08-02,NY,Midday,5,15,2,99
2025-08-02,GA,Evening,5,51,68,93
2025-08-02,NY,Evening,0,91,98,40
2025-08-02,GA,Night,2,86,46,90
2025-08-03,GA,Midday,7,49,55,73
2025-08-03,NJ,Midday,1,53,61,95
2025-08-03,FL,Midday,3,94,34,55
2025-08-03,NY,Midday,0,75,33,69
2025-08-03,GA,Evening,2,17,50,69
2025-08-03,NY,Evening,7,9,48,59
2025-08-03,NJ,Evening,8,96,92,31
2025-08-03,GA,Night,1,55,90,29
2025-08-04,TN,Morning,6,78,23,2
2025-08-04,GA,Midday,1,92,45,8
2025-08-04,NJ,Midday,6,50,85,95
2025-08-04,TN,Midday,3,91,87,62
2025-08-04,FL,Midday,0,29,23,66
2025-08-04,NY,Midday,2,39,70,73
2025-08-04,GA,Evening,4,63,35,24
2025-08-04,TN,Evening,6,56,16,68
2025-08-04,FL,Evening,3,21,89,10
2025-08-04,NY,Evening,3,86,81,22
2025-08-04,NJ,Evening,7,55,50,88
2025-08-04,GA,Night,2,84,93,80
2025-08-05,TN,Morning,8,85,27,88
2025-08-05,GA,Midday,2,56,20,61
2025-08-05,NJ,Midday,5,12,60,57
2025-08-05,TN,Midday,8,79,12,75
2025-08-05,FL,Midday,5,83,54,11
2025-08-05,NY,Midday,9,92,8,45
2025-08-05,GA,Evening,1,27,52,93
2025-08-05,TN,Evening,0,39,77,73
2025-08-05,FL,Evening,8,21,19,72
2025-08-05,NY,Evening,0,79,87,91
2025-08-05,NJ,Evening,1,84,49,98
2025-08-05,GA,Night,1,32,48,46
2025-08-06,TN,Morning,6,99,41,24
2025-08-06,GA,Midday,2,42,81,49
2025-08-06,NJ,Midday,5,9,55,73
2025-08-06,TN,Midday,1,49,81,85
2025-08-06,FL,Midday,9,62,69,19
2025-08-06,NY,Midday,5,5,74,60
2025-08-06,GA,Evening,5,76,97,30
2025-08-06,TN,Evening,6,53,82,10
2025-08-06,FL,Evening,3,41,93,40
2025-08-06,NY,Evening,2,4,15,20
2025-08-06,NJ,Evening,2,30,7,64
2025-08-06,GA,Night,8,61,15,67
2025-08-07,TN,Morning,6,85,13,90
2025-08-07,GA,Midday,6,72,76,35
2025-08-07,NJ,Midday,8,67,38,82
2025-08-07,TN,Midday,6,3,24,92
2025-08-07,FL,Midday,2,90,14,14
2025-08-07,NY,Midday,6,24,52,81
2025-08-07,GA,Evening,5,84,18,84
2025-08-07,TN,Evening,2,43,46,45
2025-08-07,FL,Evening,9,41,81,26
2025-08-07,NY,Evening,9,9,32,72
2025-08-07,NJ,Evening,2,33,65,60
2025-08-07,GA,Night,9,71,75,18
2025-08-08,GA,Midday,2,41,6,11
2025-08-08,NY,Midday,2,63,51,60
2025-08-08,GA,Evening,7,86,44,95
2025-08-08,NY,Evening,6,27,0,76
2025-08-08,GA,Night,0,23,69,89
2025-08-09,TN,Morning,5,34,41,96
2025-08-09,GA,Midday,1,94,71,56
2025-08-09,NJ,Midday,2,26,98,18
2025-08-09,TN,Midday,4,49,74,33
2025-08-09,FL,Midday,3,46,2,64
2025-08-09,NY,Midday,1,86,10,93
2025-08-09,GA,Evening,6,65,99,47
2025-08-09,NY,Evening,3,18,15,64
2025-08-09,NJ,Evening,3,70,40,20
2025-08-09,GA,Night,6,20,42,69
2025-08-10,GA,Midday,7,73,83,42
2025-08-10,NJ,Midday,8,31,47,54
2025-08-10,FL,Midday,4,41,22,68
2025-08-10,NY,Midday,8,97,29,9
2025-08-10,GA,Evening,1,11,35,63
2025-08-10,TN,Evening,7,95,88,91
2025-08-10,FL,Evening,3,23,62,65
2025-08-10,NY,Evening,4,81,57,78
2025-08-10,NJ,Evening,9,34,58,84
2025-08-10,GA,Night,8,83,25,52
2025-08-11,TN,Morning,9,30,71,65
2025-08-11,GA,Midday,1,85,2,29
2025-08-11,NJ,Midday,2,78,15,67
2025-08-11,TN,Midday,1,8,95,51
2025-08-11,FL,Midday,8,10,36,81
2025-08-11,NY,Midday,4,43,96,88
2025-08-11,GA,Evening,2,89,9,27
2025-08-11,TN,Evening,3,27,45,29
2025-08-11,FL,Evening,1,75,4,60
2025-08-11,NY,Evening,1,11,24,49
2025-08-11,NJ,Evening,4,0,92,6
2025-08-11,GA,Night,3,93,58,5
2025-08-12,TN,Morning,4,40,8,91
2025-08-12,GA,Midday,0,41,53,74
2025-08-12,NJ,Midday,1,72,29,6
2025-08-12,TN,Midday,6,18,55,67
2025-08-12,FL,Midday,0,55,52,74
2025-08-12,NY,Midday,6,42,13,90
2025-08-12,GA,Evening,2,32,22,93
2025-08-12,TN,Evening,7,91,82,5
2025-08-12,NY,Evening,8,36,38,69
2025-08-12,NJ,Evening,7,71,87,97
2025-08-12,GA,Night,7,39,98,91
2025-08-13,TN,Morning,1,31,87,51
2025-08-13,GA,Midday,3,67,12,72
2025-08-13,NJ,Midday,2,16,41,50
2025-08-13,TN,Midday,1,5,96,72
2025-08-13,FL,Midday,7,90,39,16
2025-08-13,NY,Midday,5,30,25,81
2025-08-13,GA,Evening,2,63,33,18
2025-08-13,TN,Evening,8,61,6,81
2025-08-13,FL,Evening,7,38,86,10
2025-08-13,NY,Evening,1,71,79,15
2025-08-13,NJ,Evening,8,10,58,73
2025-08-13,GA,Night,3,37,6,85
2025-08-14,TN,Morning,7,31,13,2
2025-08-14,GA,Midday,7,4,23,3
2025-08-14,NJ,Midday,5,85,71,29
2025-08-14,TN,Midday,2,51,25,54
2025-08-14,FL,Midday,3,48,13,18
2025-08-14,NY,Midday,8,13,84,19
2025-08-14,GA,Evening,6,40,58,79
2025-08-14,TN,Evening,3,78,63,73
2025-08-14,FL,Evening,2,27,52,49
2025-08-14,NY,Evening,3,82,65,43
2025-08-14,NJ,Evening,8,21,56,42
2025-08-14,GA,Night,1,40,72,11
2025-08-15,TN,Morning,7,96,19,23
2025-08-15,GA,Midday,6,70,26,58
2025-08-15,NJ,Midday,9,82,90,46
2025-08-15,TN,Midday,8,49,56,72
2025-08-15,FL,Midday,4,72,87,87
2025-08-15,NY,Midday,9,14,87,98
2025-08-15,GA,Evening,7,51,27,3
2025-08-15,TN,Evening,6,65,47,81
2025-08-15,NY,Evening,6,72,43,72
2025-08-15,NJ,Evening,2,80,40,92
2025-08-15,GA,Night,9,22,73,16
2025-08-16,TN,Morning,8,68,50,24
2025-08-16,GA,Midday,3,83,94,53
2025-08-16,NJ,Midday,9,73,74,93
2025-08-16,TN,Midday,8,85,45,48
2025-08-16,FL,Midday,2,0,95,44
2025-08-16,NY,Midday,2,4,0,98
2025-08-16,GA,Evening,5,8,23,65
2025-08-16,TN,Evening,5,20,17,92
2025-08-16,FL,Evening,2,48,2,30
2025-08-16,NY,Evening,6,2,9,5
2025-08-16,NJ,Evening,9,32,40,42
2025-08-16,GA,Night,2,91,13,30
2025-08-17,GA,Midday,9,3,98,48
2025-08-17,NJ,Midday,0,64,10,97
2025-08-17,FL,Midday,9,96,25,92
2025-08-17,NY,Midday,4,91,24,16
2025-08-17,GA,Evening,0,97,51,5
2025-08-17,TN,Evening,2,97,22,77
2025-08-17,FL,Evening,5,87,59,83
2025-08-17,NY,Evening,3,36,97,24
2025-08-17,NJ,Evening,5,20,21,19
2025-08-17,GA,Night,1,32,14,34
2025-08-18,TN,Morning,0,86,39,1
2025-08-18,GA,Midday,0,38,75,14
2025-08-18,NJ,Midday,1,95,62,39
2025-08-18,TN,Midday,3,22,56,84
2025-08-18,FL,Midday,0,39,58,85
2025-08-18,NY,Midday,5,17,27,70
2025-08-18,GA,Evening,2,20,10,75
2025-08-18,TN,Evening,2,50,36,85
2025-08-18,FL,Evening,5,24,44,94
2025-08-18,NY,Evening,6,30,57,12
2025-08-18,NJ,Evening,7,21,22,4
2025-08-18,GA,Night,6,36,89,50
2025-08-19,TN,Morning,2,66,30,66
2025-08-19,GA,Midday,1,50,10,19
2025-08-19,NJ,Midday,7,85,39,23
2025-08-19,TN,Midday,1,61,16,80
2025-08-19,FL,Midday,4,85,7,38
2025-08-19,NY,Midday,3,30,73,10
2025-08-19,GA,Evening,0,6,49,49
2025-08-19,TN,Evening,9,79,53,17
2025-08-19,FL,Evening,8,4,65,36
2025-08-19,NY,Evening,1,17,66,89
2025-08-19,NJ,Evening,5,75,33,57
2025-08-19,GA,Night,3,9,52,81
2025-08-20,GA,Midday,0,98,83,54
2025-08-20,NY,Midday,9,4,62,86
2025-08-20,GA,Evening,7,30,92,66
2025-08-20,NY,Evening,6,6,31,84
2025-08-20,GA,Night,6,83,78,10
2025-08-21,TN,Morning,6,57,20,96
2025-08-21,GA,Midday,2,63,85,93
2025-08-21,NJ,Midday,3,81,24,35
2025-08-21,TN,Midday,7,63,93,49
2025-08-21,FL,Midday,7,48,91,73
2025-08-21,NY,Midday,3,18,25,79
2025-08-21,GA,Evening,4,51,65,18
2025-08-21,TN,Evening,1,60,76,17
2025-08-21,NY,Evening,8,92,65,38
2025-08-21,NJ,Evening,9,98,12,99
2025-08-21,GA,Night,5,13,5,97
2025-08-22,TN,Morning,8,11,27,21
2025-08-22,GA,Midday,5,18,58,23
2025-08-22,NJ,Midday,7,66,67,7
2025-08-22,TN,Midday,5,86,17,99
2025-08-22,FL,Midday,8,12,15,67
2025-08-22,NY,Midday,0,18,98,20
2025-08-22,GA,Evening,5,67,86,52
2025-08-22,TN,Evening,8,60,25,0
2025-08-22,FL,Evening,7,84,77,94
2025-08-22,NY,Evening,0,8,24,68
2025-08-22,NJ,Evening,4,54,99,34
2025-08-22,GA,Night,1,73,35,38
2025-08-23,TN,Morning,6,83,74,67
2025-08-23,GA,Midday,0,33,63,98
2025-08-23,NJ,Midday,1,68,45,66
2025-08-23,TN,Midday,8,97,21,68
2025-08-23,FL,Midday,3,3,0,39
2025-08-23,NY,Midday,7,69,72,17
2025-08-23,GA,Evening,9,50,36,90
2025-08-23,NY,Evening,5,0,55,39
2025-08-23,NJ,Evening,0,32,92,86
2025-08-23,GA,Night,7,82,53,60
2025-08-24,GA,Midday,4,36,91,29
2025-08-24,NJ,Midday,9,11,29,37
2025-08-24,FL,Midday,7,50,40,75
2025-08-24,NY,Midday,9,5,76,48
2025-08-24,GA,Evening,2,1,59,14
2025-08-24,TN,Evening,3,18,50,95
2025-08-24,FL,Evening,1,54,79,33
2025-08-24,NY,Evening,0,61,85,27
2025-08-24,NJ,Evening,2,57,94,75
2025-08-24,GA,Night,6,28,93,59
2025-08-25,TN,Morning,3,0,47,40
2025-08-25,GA,Midday,3,22,77,90
2025-08-25,NJ,Midday,0,8,48,76
2025-08-25,TN,Midday,4,37,10,88
2025-08-25,FL,Midday,9,16,35,60
2025-08-25,NY,Midday,2,13,22,84
2025-08-25,GA,Evening,1,39,61,7
2025-08-25,TN,Evening,8,22,69,98
2025-08-25,FL,Evening,9,48,21,39
2025-08-25,NY,Evening,0,43,19,84
2025-08-25,NJ,Evening,4,1,57,50
2025-08-25,GA,Night,2,18,11,88
2025-08-26,TN,Morning,0,87,98,44
2025-08-26,GA,Midday,6,38,39,50
2025-08-26,NJ,Midday,7,60,57,81
2025-08-26,TN,Midday,8,52,50,42
2025-08-26,FL,Midday,0,70,25,54
2025-08-26,NY,Midday,3,18,34,20
2025-08-26,GA,Evening,9,39,48,71
2025-08-26,TN,Evening,1,16,17,63
2025-08-26,FL,Evening,9,89,81,49
2025-08-26,NY,Evening,8,33,21,80
2025-08-26,NJ,Evening,1,33,16,78
2025-08-26,GA,Night,2,87,96,62
2025-08-27,TN,Morning,1,95,32,6
2025-08-27,GA,Midday,0,91,67,4
2025-08-27,NJ,Midday,9,83,53,91
2025-08-27,TN,Midday,1,46,52,14
2025-08-27,FL,Midday,0,56,0,91
2025-08-27,NY,Midday,0,17,34,8
2025-08-27,GA,Evening,1,93,43,41
2025-08-27,TN,Evening,1,30,54,77
2025-08-27,FL,Evening,9,74,13,31
2025-08-27,NY,Evening,4,87,21,31
2025-08-27,NJ,Evening,4,71,44,59
2025-08-27,GA,Night,1,76,6,96
2025-08-28,TN,Morning,7,68,90,75
2025-08-28,GA,Midday,1,3,21,69
2025-08-28,NJ,Midday,5,67,36,98
2025-08-28,TN,Midday,2,41,55,48
2025-08-28,FL,Midday,2,88,53,28
2025-08-28,NY,Midday,2,74,73,28
2025-08-28,GA,Evening,7,78,19,59
2025-08-28,TN,Evening,2,12,62,56
2025-08-28,FL,Evening,4,31,12,45
2025-08-28,NY,Evening,4,31,45,64
2025-08-28,NJ,Evening,0,38,92,38
2025-08-28,GA,Night,6,75,46,63
2025-08-29,TN,Morning,7,37,86,57
2025-08-29,GA,Midday,3,13,38,65
2025-08-29,NJ,Midday,0,29,61,48
2025-08-29,TN,Midday,8,35,50,80
2025-08-29,FL,Midday,7,36,86,48
2025-08-29,NY,Midday,1,99,66,46
2025-08-29,GA,Evening,8,34,88,65
2025-08-29,TN,Evening,9,71,92,5
2025-08-29,FL,Evening,0,35,57,3
2025-08-29,NY,Evening,6,77,13,5
2025-08-29,NJ,Evening,5,81,18,40
2025-08-29,GA,Night,7,9,40,31
2025-08-30,GA,Midday,9,88,57,3
2025-08-30,NY,Midday,3,63,11,91
2025-08-30,GA,Evening,9,80,57,44
2025-08-30,NY,Evening,9,37,87,46
2025-08-30,GA,Night,3,49,36,82
2025-08-31,GA,Midday,6,15,46,63
2025-08-31,NJ,Midday,9,12,38,10
2025-08-31,FL,Midday,0,25,85,28
2025-08-31,NY,Midday,0,45,42,27
2025-08-31,GA,Evening,2,13,80,28
2025-08-31,FL,Evening,4,52,29,40
2025-08-31,NY,Evening,3,8,38,69
2025-08-31,NJ,Evening,9,59,83,54
2025-08-31,GA,Night,7,82,65,88
2025-09-01,GA,Midday,7,0,98,49
2025-09-01,NJ,Midday,9,41,2,12
2025-09-01,FL,Midday,6,69,30,92
2025-09-01,NY,Midday,1,26,93,87
2025-09-01,GA,Evening,1,25,4,79
2025-09-01,FL,Evening,7,23,49,31
2025-09-01,NY,Evening,5,65,3,3
2025-09-01,NJ,Evening,7,55,29,79
2025-09-01,GA,Night,2,56,74,94
2025-09-02,TN,Morning,4,12,59,71
2025-09-02,GA,Midday,9,87,3,38
2025-09-02,NJ,Midday,4,39,47,79
2025-09-02,TN,Midday,1,63,91,32
2025-09-02,FL,Midday,4,22,69,58
2025-09-02,NY,Midday,7,81,89,84
2025-09-02,GA,Evening,4,45,0,41
2025-09-02,TN,Evening,8,88,67,99
2025-09-02,NY,Evening,9,41,54,43
2025-09-02,NJ,Evening,1,15,38,33
2025-09-02,GA,Night,5,83,93,29
2025-09-03,TN,Morning,9,43,12,12
2025-09-03,GA,Midday,3,46,18,89
2025-09-03,NJ,Midday,3,44,9,75
2025-09-03,TN,Midday,0,20,22,95
2025-09-03,FL,Midday,0,12,52,28
2025-09-03,NY,Midday,6,15,79,50
2025-09-03,GA,Evening,3,43,1,6
2025-09-03,TN,Evening,7,86,58,98
2025-09-03,FL,Evening,1,63,31,79
2025-09-03,NY,Evening,8,99,34,3
2025-09-03,NJ,Evening,8,39,37,19
2025-09-03,GA,Night,7,37,0,15
2025-09-04,TN,Morning,6,93,41,65
2025-09-04,GA,Midday,2,9,95,50
2025-09-04,NJ,Midday,4,86,86,4
2025-09-04,TN,Midday,1,7,97,40
2025-09-04,FL,Midday,4,72,81,10
2025-09-04,NY,Midday,8,65,96,38
2025-09-04,GA,Evening,1,80,70,50
2025-09-04,TN,Evening,3,67,47,83
2025-09-04,FL,Evening,0,58,91,63
2025-09-04,NY,Evening,1,1,69,59
2025-09-04,NJ,Evening,5,50,29,78
2025-09-04,GA,Night,6,17,83,24
2025-09-05,TN,Morning,3,65,81,31
2025-09-05,GA,Midday,3,26,34,97
2025-09-05,NJ,Midday,2,82,23,50
2025-09-05,TN,Midday,5,27,16,48
2025-09-05,FL,Midday,9,43,13,56
2025-09-05,NY,Midday,2,6,85,18
2025-09-05,GA,Evening,1,26,61,89
2025-09-05,TN,Evening,3,53,89,99
2025-09-05,FL,Evening,7,52,93,17
2025-09-05,NY,Evening,6,59,21,6
2025-09-05,NJ,Evening,7,65,4,47
2025-09-05,GA,Night,3,41,58,48
2025-09-06,TN,Morning,1,64,25,36
2025-09-06,GA,Midday,0,57,78,39
2025-09-06,NJ,Midday,6,74,26,60
2025-09-06,TN,Midday,9,57,97,78
2025-09-06,FL,Midday,9,39,59,86
2025-09-06,NY,Midday,1,44,23,84
2025-09-06,GA,Evening,9,29,54,99
2025-09-06,TN,Evening,8,47,22,35
2025-09-06,FL,Evening,6,7,16,70
2025-09-06,NY,Evening,7,29,61,17
2025-09-06,NJ,Evening,8,19,0,72
2025-09-06,GA,Night,4,84,11,63
2025-09-07,GA,Midday,8,90,99,46
2025-09-07,NJ,Midday,8,7,38,56
2025-09-07,FL,Midday,6,98,51,84
2025-09-07,NY,Midday,6,68,24,88
2025-09-07,GA,Evening,9,99,56,43
2025-09-07,FL,Evening,3,79,53,30
2025-09-07,NY,Evening,2,29,77,91
2025-09-07,NJ,Evening,1,38,17,66
2025-09-07,GA,Night,2,6,93,71
2025-09-08,TN,Morning,9,72,65,60
2025-09-08,GA,Midday,7,81,38,71
2025-09-08,NJ,Midday,3,89,25,93
2025-09-08,TN,Midday,6,15,27,75
2025-09-08,FL,Midday,8,81,49,21
2025-09-08,NY,Midday,5,13,63,78
2025-09-08,GA,Evening,6,22,86,10
2025-09-08,TN,Evening,1,28,80,43
2025-09-08,FL,Evening,8,24,37,67
2025-09-08,NY,Evening,1,61,75,73
2025-09-08,NJ,Evening,1,13,81,36
2025-09-08,GA,Night,6,67,2,65
2025-09-09,TN,Morning,5,0,12,65
2025-09-09,GA,Midday,9,67,31,95
2025-09-09,NJ,Midday,1,27,98,92
2025-09-09,TN,Midday,3,67,33,81
2025-09-09,FL,Midday,2,13,30,38
2025-09-09,NY,Midday,6,26,58,67
2025-09-09,GA,Evening,9,0,65,62
2025-09-09,TN,Evening,6,46,89,31
2025-09-09,FL,Evening,7,11,97,66
2025-09-09,NY,Evening,5,8,10,70
2025-09-09,NJ,Evening,5,1,4,8
2025-09-09,GA,Night,3,70,62,69
2025-09-10,TN,Morning,3,42,53,36
2025-09-10,GA,Midday,3,48,53,45
2025-09-10,NJ,Midday,8,49,5,32
2025-09-10,TN,Midday,2,34,89,21
2025-09-10,FL,Midday,5,61,44,3
2025-09-10,NY,Midday,0,39,17,40
2025-09-10,GA,Evening,7,77,65,10
2025-09-10,TN,Evening,7,85,73,68
2025-09-10,FL,Evening,4,28,2,40
2025-09-10,NY,Evening,3,6,60,60
2025-09-10,NJ,Evening,9,79,26,44
2025-09-10,GA,Night,0,99,48,21
2025-09-11,TN,Morning,6,70,9,34
2025-09-11,GA,Midday,1,78,64,48
2025-09-11,NJ,Midday,7,42,44,54
2025-09-11,TN,Midday,7,98,46,20
2025-09-11,FL,Midday,2,56,26,94
2025-09-11,NY,Midday,4,55,90,65
2025-09-11,GA,Evening,9,31,53,24
2025-09-11,TN,Evening,6,54,34,52
2025-09-11,FL,Evening,2,68,19,93
2025-09-11,NY,Evening,2,62,34,57
2025-09-11,NJ,Evening,6,89,40,61
2025-09-11,GA,Night,0,18,75,67
2025-09-12,GA,Midday,9,12,32,54
2025-09-12,NY,Midday,3,96,0,40
2025-09-12,GA,Evening,6,99,65,82
2025-09-12,NY,Evening,5,3,85,53
2025-09-12,GA,Night,3,87,44,65
2025-09-13,GA,Midday,8,48,59,71
2025-09-13,NY,Midday,2,42,60,11
2025-09-13,GA,Evening,8,63,90,30
2025-09-13,NY,Evening,1,9,84,24
2025-09-13,GA,Night,2,80,31,5
2025-09-14,GA,Midday,4,72,86,53
2025-09-14,NY,Midday,5,69,37,28
2025-09-14,GA,Evening,4,26,43,74
2025-09-14,NY,Evening,8,30,15,59
2025-09-14,GA,Night,8,68,4,69
2025-09-15,TN,Morning,0,45,2,54
2025-09-15,GA,Midday,7,41,54,44
2025-09-15,NJ,Midday,2,53,75,89
2025-09-15,TN,Midday,7,36,93,70
2025-09-15,FL,Midday,1,24,83,34
2025-09-15,NY,Midday,1,54,78,63
2025-09-15,GA,Evening,6,20,23,30
2025-09-15,TN,Evening,8,93,23,65
2025-09-15,NY,Evening,2,85,34,81
2025-09-15,NJ,Evening,8,44,52,96
2025-09-15,GA,Night,9,66,84,55
2025-09-16,TN,Morning,2,80,59,88
2025-09-16,GA,Midday,0,97,16,6
2025-09-16,NJ,Midday,9,99,15,36
2025-09-16,TN,Midday,0,36,91,63
2025-09-16,FL,Midday,8,9,61,93
2025-09-16,NY,Midday,3,51,5,12
2025-09-16,GA,Evening,3,58,36,44
2025-09-16,TN,Evening,1,55,53,39
2025-09-16,FL,Evening,7,54,12,61
2025-09-16,NY,Evening,4,26,67,2
2025-09-16,NJ,Evening,2,87,56,10
2025-09-16,GA,Night,5,44,20,1
2025-09-17,TN,Morning,1,55,12,15
2025-09-17,GA,Midday,2,39,11,49
2025-09-17,NJ,Midday,1,9,61,83
2025-09-17,TN,Midday,6,81,66,66
2025-09-17,FL,Midday,6,59,22,92
2025-09-17,NY,Midday,7,79,6,39
2025-09-17,GA,Evening,1,90,35,18
2025-09-17,TN,Evening,2,65,7,21
2025-09-17,FL,Evening,1,31,84,12
2025-09-17,NY,Evening,3,11,31,64
2025-09-17,NJ,Evening,2,17,90,72
2025-09-17,GA,Night,9,15,76,37
2025-09-18,TN,Morning,1,17,50,2
2025-09-18,GA,Midday,2,39,37,94
2025-09-18,NJ,Midday,2,43,20,78
2025-09-18,TN,Midday,1,19,60,12
2025-09-18,FL,Midday,3,47,84,50
2025-09-18,NY,Midday,8,96,3,73
2025-09-18,GA,Evening,9,22,0,79
2025-09-18,TN,Evening,7,89,14,55
2025-09-18,FL,Evening,0,79,25,65
2025-09-18,NY,Evening,4,93,98,97
2025-09-18,NJ,Evening,4,15,51,45
2025-09-18,GA,Night,8,78,30,48
2025-09-19,TN,Morning,2,29,98,24
2025-09-19,GA,Midday,2,39,76,74
2025-09-19,NJ,Midday,6,29,87,28
2025-09-19,TN,Midday,5,23,21,81
2025-09-19,FL,Midday,0,21,57,53
2025-09-19,NY,Midday,2,48,76,99
2025-09-19,GA,Evening,2,41,86,12
2025-09-19,TN,Evening,3,67,5,72
2025-09-19,FL,Evening,1,66,73,68
2025-09-19,NY,Evening,3,89,10,61
2025-09-19,NJ,Evening,5,35,14,64
2025-09-19,GA,Night,8,59,1,19
2025-09-20,TN,Morning,8,8,96,41
2025-09-20,GA,Midday,2,93,43,70
2025-09-20,NJ,Midday,4,90,65,61
2025-09-20,TN,Midday,0,11,25,77
2025-09-20,FL,Midday,1,91,99,94
2025-09-20,NY,Midday,5,31,87,32
2025-09-20,GA,Evening,1,58,15,89
2025-09-20,TN,Evening,6,65,38,98
2025-09-20,FL,Evening,7,57,25,85
2025-09-20,NY,Evening,6,44,42,92
2025-09-20,NJ,Evening,1,83,70,73
2025-09-20,GA,Night,0,94,35,30
2025-09-21,GA,Midday,7,87,93,82
2025-09-21,NJ,Midday,1,52,60,9
2025-09-21,FL,Midday,9,79,47,50
2025-09-21,NY,Midday,7,90,40,36
2025-09-21,GA,Evening,7,59,3,55
2025-09-21,TN,Evening,2,72,96,55
2025-09-21,FL,Evening,0,62,41,9
2025-09-21,NY,Evening,6,38,39,69
2025-09-21,NJ,Evening,1,53,0,34
2025-09-21,GA,Night,3,14,18,56
2025-09-22,TN,Morning,2,76,6,31
2025-09-22,GA,Midday,5,37,55,72
2025-09-22,NJ,Midday,9,43,11,65
2025-09-22,TN,Midday,0,55,80,44
2025-09-22,FL,Midday,6,96,97,13
2025-09-22,NY,Midday,8,62,73,86
2025-09-22,GA,Evening,5,20,48,5
2025-09-22,TN,Evening,5,4,47,91
2025-09-22,NY,Evening,2,64,90,37
2025-09-22,NJ,Evening,1,66,27,39
2025-09-22,GA,Night,3,88,81,52
2025-09-23,TN,Morning,8,66,94,58
2025-09-23,GA,Midday,8,50,27,13
2025-09-23,NJ,Midday,3,23,51,86
2025-09-23,TN,Midday,1,70,87,81
2025-09-23,FL,Midday,8,67,16,78
2025-09-23,NY,Midday,7,10,82,45
2025-09-23,GA,Evening,9,6,60,20
2025-09-23,TN,Evening,9,64,83,87
2025-09-23,FL,Evening,1,59,70,76
2025-09-23,NY,Evening,9,94,29,80
2025-09-23,NJ,Evening,0,78,16,97
2025-09-23,GA,Night,4,63,21,13
2025-09-24,TN,Morning,5,25,58,50
2025-09-24,GA,Midday,6,61,40,43
2025-09-24,NJ,Midday,8,86,33,15
2025-09-24,TN,Midday,7,93,26,31
2025-09-24,FL,Midday,2,78,74,66
2025-09-24,NY,Midday,4,12,47,97
2025-09-24,GA,Evening,4,21,92,18
2025-09-24,TN,Evening,9,71,87,69
2025-09-24,FL,Evening,5,7,16,38
2025-09-24,NY,Evening,0,88,78,21
2025-09-24,NJ,Evening,4,41,53,55
2025-09-24,GA,Night,0,8,61,64
2025-09-25,TN,Morning,5,70,45,11
2025-09-25,GA,Midday,0,91,13,97
2025-09-25,NJ,Midday,4,39,68,76
2025-09-25,TN,Midday,0,22,35,62
2025-09-25,FL,Midday,3,9,53,80
2025-09-25,NY,Midday,8,98,67,27
2025-09-25,GA,Evening,7,62,90,80
2025-09-25,TN,Evening,7,10,94,9
2025-09-25,NY,Evening,1,52,1,44
2025-09-25,NJ,Evening,6,71,16,14
2025-09-25,GA,Night,1,10,92,43
2025-09-26,TN,Morning,7,45,84,97
2025-09-26,GA,Midday,4,2,24,23
2025-09-26,NJ,Midday,4,50,67,66
2025-09-26,TN,Midday,9,41,89,98
2025-09-26,FL,Midday,6,30,15,10
2025-09-26,NY,Midday,2,88,22,86
2025-09-26,GA,Evening,5,9,67,10
2025-09-26,TN,Evening,6,42,1,25
2025-09-26,FL,Evening,0,58,95,66
2025-09-26,NY,Evening,7,23,5,70
2025-09-26,NJ,Evening,4,76,5,8
2025-09-26,GA,Night,3,95,18,19
2025-09-27,TN,Morning,2,86,31,8
2025-09-27,GA,Midday,8,81,54,44
2025-09-27,NJ,Midday,3,11,74,77
2025-09-27,TN,Midday,8,60,3,92
2025-09-27,FL,Midday,0,36,27,47
2025-09-27,NY,Midday,9,2,57,34
2025-09-27,GA,Evening,8,78,51,48
2025-09-27,TN,Evening,8,47,82,61
2025-09-27,FL,Evening,2,76,69,25
2025-09-27,NY,Evening,1,6,99,86
2025-09-27,NJ,Evening,8,75,86,19
2025-09-27,GA,Night,4,16,1,65
2025-09-28,GA,Midday,5,5,3,29
2025-09-28,NJ,Midday,7,99,89,75
2025-09-28,FL,Midday,7,53,55,96
2025-09-28,NY,Midday,3,67,34,47
2025-09-28,GA,Evening,3,7,16,40
2025-09-28,NY,Evening,0,84,19,50
2025-09-28,NJ,Evening,5,17,60,51
2025-09-28,GA,Night,3,62,28,14
2025-09-29,TN,Morning,0,45,58,15
2025-09-29,GA,Midday,7,17,16,83
2025-09-29,NJ,Midday,7,75,46,42
2025-09-29,TN,Midday,6,10,72,30
2025-09-29,FL,Midday,6,33,95,98
2025-09-29,NY,Midday,1,88,74,66
2025-09-29,GA,Evening,0,9,8,44
2025-09-29,TN,Evening,2,15,35,36
2025-09-29,FL,Evening,0,4,20,74
2025-09-29,NY,Evening,2,91,53,86
2025-09-29,NJ,Evening,3,44,82,5
2025-09-29,GA,Night,4,56,90,90
2025-09-30,TN,Morning,1,63,33,32
2025-09-30,GA,Midday,0,77,21,77
2025-09-30,NJ,Midday,2,6,7,3
2025-09-30,TN,Midday,6,8,66,97
2025-09-30,FL,Midday,3,22,90,98
2025-09-30,NY,Midday,8,37,88,52
2025-09-30,GA,Evening,1,85,38,90
2025-09-30,TN,Evening,7,24,18,53
2025-09-30,FL,Evening,8,76,56,11
2025-09-30,NY,Evening,6,1,21,14
2025-09-30,NJ,Evening,9,63,51,28
2025-09-30,GA,Night,3,90,66,74
2025-10-01,TN,Morning,8,86,80,22
2025-10-01,GA,Midday,6,33,6,40
2025-10-01,NJ,Midday,2,21,72,75
2025-10-01,TN,Midday,9,33,14,53
2025-10-01,FL,Midday,9,12,49,11
2025-10-01,NY,Midday,3,83,57,41
2025-10-01,GA,Evening,9,49,51,45
2025-10-01,TN,Evening,7,6,73,86
2025-10-01,FL,Evening,7,58,14,84
2025-10-01,NY,Evening,8,22,99,28
2025-10-01,NJ,Evening,5,21,59,2
2025-10-01,GA,Night,7,96,16,41
2025-10-02,TN,Morning,7,2,61,41
2025-10-02,GA,Midday,9,37,74,39
2025-10-02,NJ,Midday,1,44,79,58
2025-10-02,TN,Midday,9,79,57,30
2025-10-02,FL,Midday,5,70,8,22
2025-10-02,NY,Midday,3,21,28,46
2025-10-02,GA,Evening,7,24,22,47
2025-10-02,TN,Evening,6,83,88,53
2025-10-02,FL,Evening,5,0,28,43
2025-10-02,NY,Evening,5,97,69,33
2025-10-02,NJ,Evening,6,78,9,67
2025-10-02,GA,Night,0,30,22,4
2025-10-03,TN,Morning,4,53,4,95
2025-10-03,GA,Midday,7,78,43,13
2025-10-03,NJ,Midday,2,48,15,26
2025-10-03,TN,Midday,2,83,44,93
2025-10-03,FL,Midday,0,82,99,78
2025-10-03,NY,Midday,7,68,35,68
2025-10-03,GA,Evening,5,82,28,49
2025-10-03,TN,Evening,5,95,90,77
2025-10-03,FL,Evening,5,70,12,37
2025-10-03,NY,Evening,0,36,64,54
2025-10-03,NJ,Evening,2,96,68,2
2025-10-03,GA,Night,3,98,51,94
2025-10-04,TN,Morning,4,49,2,31
2025-10-04,GA,Midday,3,91,50,13
2025-10-04,NJ,Midday,9,97,35,99
2025-10-04,TN,Midday,0,27,83,85
2025-10-04,FL,Midday,1,89,4,51
2025-10-04,NY,Midday,3,77,20,52
2025-10-04,GA,Evening,6,32,56,34
2025-10-04,TN,Evening,6,36,77,2
2025-10-04,FL,Evening,0,82,99,31
2025-10-04,NY,Evening,7,26,16,44
2025-10-04,NJ,Evening,8,23,73,54
2025-10-04,GA,Night,7,74,74,15
2025-10-05,GA,Midday,8,90,48,97
2025-10-05,NJ,Midday,0,70,41,55
2025-10-05,FL,Midday,4,99,51,75
2025-10-05,NY,Midday,9,95,61,14
2025-10-05,GA,Evening,6,87,33,76
2025-10-05,TN,Evening,3,61,85,21
2025-10-05,FL,Evening,1,81,82,34
2025-10-05,NY,Evening,3,24,77,16
2025-10-05,NJ,Evening,6,9,33,84
2025-10-05,GA,Night,3,79,70,76
2025-10-06,TN,Morning,4,67,64,68
2025-10-06,GA,Midday,8,63,53,41
2025-10-06,NJ,Midday,1,67,64,72
2025-10-06,TN,Midday,2,28,18,35
2025-10-06,FL,Midday,8,56,61,19
2025-10-06,NY,Midday,5,6,76,42
2025-10-06,GA,Evening,7,33,93,76
2025-10-06,TN,Evening,9,1,79,87
2025-10-06,FL,Evening,4,62,14,33
2025-10-06,NY,Evening,7,62,32,90
2025-10-06,NJ,Evening,6,41,53,71
2025-10-06,GA,Night,0,56,56,6
2025-10-07,TN,Morning,9,69,45,42
2025-10-07,GA,Midday,1,91,28,22
2025-10-07,NJ,Midday,4,38,66,82
2025-10-07,TN,Midday,6,48,60,38
2025-10-07,FL,Midday,6,73,35,41
2025-10-07,NY,Midday,5,48,48,64
2025-10-07,GA,Evening,4,30,65,96
2025-10-07,TN,Evening,5,89,8,81
2025-10-07,FL,Evening,9,33,75,2
2025-10-07,NY,Evening,8,63,96,47
2025-10-07,NJ,Evening,7,77,58,68
2025-10-07,GA,Night,3,48,81,20
2025-10-08,TN,Morning,2,27,37,93
2025-10-08,GA,Midday,6,5,33,88
2025-10-08,NJ,Midday,9,34,17,25
2025-10-08,TN,Midday,4,24,73,3
2025-10-08,FL,Midday,2,35,4,49
2025-10-08,NY,Midday,2,60,30,72
2025-10-08,GA,Evening,3,10,73,54
2025-10-08,TN,Evening,7,29,82,68
2025-10-08,FL,Evening,0,31,27,63
2025-10-08,NY,Evening,5,64,4,94
2025-10-08,NJ,Evening,8,17,28,2
2025-10-08,GA,Night,2,56,70,91
2025-10-09,TN,Morning,2,76,91,8
2025-10-09,GA,Midday,6,43,45,54
2025-10-09,NJ,Midday,4,36,62,94
2025-10-09,TN,Midday,2,75,81,69
2025-10-09,FL,Midday,1,61,53,9
2025-10-09,NY,Midday,6,8,36,11
2025-10-09,GA,Evening,3,98,69,92
2025-10-09,TN,Evening,4,28,6,77
2025-10-09,FL,Evening,9,69,56,59
2025-10-09,NY,Evening,0,72,61,58
2025-10-09,NJ,Evening,3,25,91,60
2025-10-09,GA,Night,5,29,40,65
2025-10-10,TN,Morning,6,87,80,97
2025-10-10,GA,Midday,5,10,50,65
2025-10-10,NJ,Midday,3,0,15,82
2025-10-10,TN,Midday,6,0,75,13
2025-10-10,FL,Midday,4,89,14,57
2025-10-10,NY,Midday,5,35,50,66
2025-10-10,GA,Evening,6,91,28,24
2025-10-10,TN,Evening,4,4,92,60
2025-10-10,FL,Evening,1,44,74,15
2025-10-10,NY,Evening,8,38,1,29
2025-10-10,NJ,Evening,4,86,98,60
2025-10-10,GA,Night,7,80,62,32
2025-10-11,GA,Midday,4,19,24,93
2025-10-11,NY,Midday,7,29,10,1
2025-10-11,GA,Evening,0,61,20,40
2025-10-11,NY,Evening,3,90,98,27
2025-10-11,GA,Night,4,53,87,36
2025-10-12,GA,Midday,2,60,81,5
2025-10-12,NJ,Midday,1,11,34,47
2025-10-12,FL,Midday,1,89,64,53
2025-10-12,NY,Midday,3,13,13,7
2025-10-12,GA,Evening,4,86,6,12
2025-10-12,NY,Evening,1,42,56,92
2025-10-12,NJ,Evening,4,76,36,95
2025-10-12,GA,Night,3,95,64,37
2025-10-13,TN,Morning,0,45,12,8
2025-10-13,GA,Midday,0,30,41,94
2025-10-13,NJ,Midday,0,0,80,90
2025-10-13,TN,Midday,8,47,1,48
2025-10-13,FL,Midday,3,23,68,77
2025-10-13,NY,Midday,4,48,52,42
2025-10-13,GA,Evening,8,58,29,77
2025-10-13,TN,Evening,5,65,81,71
2025-10-13,FL,Evening,2,93,70,22
2025-10-13,NY,Evening,9,8,42,46
2025-10-13,NJ,Evening,2,89,49,50
2025-10-13,GA,Night,7,38,68,55
2025-10-14,TN,Morning,8,29,31,5
2025-10-14,GA,Midday,4,75,41,20
2025-10-14,NJ,Midday,5,25,96,6
2025-10-14,TN,Midday,4,28,49,79
2025-10-14,FL,Midday,5,89,24,26
2025-10-14,NY,Midday,8,40,2,38
2025-10-14,GA,Evening,2,24,92,36
2025-10-14,TN,Evening,2,64,83,42
2025-10-14,FL,Evening,8,30,22,96
2025-10-14,NY,Evening,5,23,50,44
2025-10-14,NJ,Evening,9,27,33,87
2025-10-14,GA,Night,7,86,21,41
2025-10-15,TN,Morning,5,3,73,99
2025-10-15,GA,Midday,1,49,14,36
2025-10-15,NJ,Midday,2,6,17,51
2025-10-15,TN,Midday,7,31,16,11
2025-10-15,FL,Midday,8,13,24,39
2025-10-15,NY,Midday,2,59,65,0
2025-10-15,GA,Evening,7,24,54,96
2025-10-15,TN,Evening,5,77,36,16
2025-10-15,FL,Evening,6,66,34,4
2025-10-15,NY,Evening,2,41,64,86
2025-10-15,NJ,Evening,2,99,10,3
2025-10-15,GA,Night,7,69,60,98
2025-10-16,TN,Morning,3,18,10,75
2025-10-16,GA,Midday,7,36,81,57
2025-10-16,NJ,Midday,3,76,10,85
2025-10-16,TN,Midday,8,64,35,39
2025-10-16,FL,Midday,4,0,82,87
2025-10-16,NY,Midday,8,46,91,42
2025-10-16,GA,Evening,3,8,31,99
2025-10-16,TN,Evening,0,17,15,45
2025-10-16,FL,Evening,6,88,70,72
2025-10-16,NY,Evening,3,33,75,84
2025-10-16,NJ,Evening,3,38,39,45
2025-10-16,GA,Night,8,63,70,0
2025-10-17,TN,Morning,3,46,40,83
2025-10-17,GA,Midday,5,92,68,85
2025-10-17,NJ,Midday,9,55,61,27
2025-10-17,TN,Midday,5,8,90,68
2025-10-17,FL,Midday,8,19,5,66
2025-10-17,NY,Midday,5,31,18,50
2025-10-17,GA,Evening,0,79,30,48
2025-10-17,TN,Evening,6,82,42,91
2025-10-17,FL,Evening,4,45,89,49
2025-10-17,NY,Evening,8,89,6,48
2025-10-17,NJ,Evening,8,32,90,4
2025-10-17,GA,Night,1,22,51,47
2025-10-18,TN,Morning,0,10,44,34
2025-10-18,GA,Midday,5,81,98,42
2025-10-18,NJ,Midday,4,28,79,53
2025-10-18,TN,Midday,1,20,41,26
2025-10-18,FL,Midday,4,58,6,57
2025-10-18,NY,Midday,5,98,93,87
2025-10-18,GA,Evening,1,73,56,30
2025-10-18,TN,Evening,0,32,97,60
2025-10-18,FL,Evening,8,8,76,84
2025-10-18,NY,Evening,9,92,0,90
2025-10-18,NJ,Evening,6,15,42,85
2025-10-18,GA,Night,4,41,2,67
2025-10-19,GA,Midday,7,44,25,11
2025-10-19,NJ,Midday,1,40,78,41
2025-10-19,FL,Midday,7,64,20,80
2025-10-19,NY,Midday,3,77,16,16
2025-10-19,GA,Evening,8,75,52,99
2025-10-19,TN,Evening,6,30,99,10
2025-10-19,FL,Evening,9,57,74,37
2025-10-19,NY,Evening,1,52,2,82
2025-10-19,NJ,Evening,8,9,2,94
2025-10-19,GA,Night,1,66,92,78
2025-10-20,TN,Morning,5,12,17,50
2025-10-20,GA,Midday,9,22,92,83
2025-10-20,NJ,Midday,2,75,34,92
2025-10-20,TN,Midday,4,94,63,84
2025-10-20,FL,Midday,9,84,59,75
2025-10-20,NY,Midday,8,87,58,77
2025-10-20,GA,Evening,3,79,0,66
2025-10-20,TN,Evening,0,67,26,39
2025-10-20,FL,Evening,1,34,92,10
2025-10-20,NY,Evening,5,82,88,31
2025-10-20,NJ,Evening,3,60,64,14
2025-10-20,GA,Night,7,8,8,50
2025-10-21,TN,Morning,9,30,34,76
2025-10-21,GA,Midday,6,72,11,79
2025-10-21,NJ,Midday,5,96,1,10
2025-10-21,TN,Midday,6,58,65,40
2025-10-21,FL,Midday,1,86,27,89
2025-10-21,NY,Midday,0,60,25,74
2025-10-21,GA,Evening,1,31,10,95
2025-10-21,TN,Evening,3,83,85,60
2025-10-21,NY,Evening,5,86,68,56
2025-10-21,NJ,Evening,0,2,44,83
2025-10-21,GA,Night,7,37,28,41
2025-10-22,TN,Morning,9,50,94,63
2025-10-22,GA,Midday,9,89,7,57
2025-10-22,NJ,Midday,6,57,59,44
2025-10-22,TN,Midday,0,50,35,28
2025-10-22,FL,Midday,9,74,41,0
2025-10-22,NY,Midday,2,67,57,36
2025-10-22,GA,Evening,3,62,41,90
2025-10-22,TN,Evening,8,69,47,32
2025-10-22,FL,Evening,0,18,35,12
2025-10-22,NY,Evening,3,4,46,33
2025-10-22,NJ,Evening,4,18,15,39
2025-10-22,GA,Night,3,60,43,28
2025-10-23,TN,Morning,9,69,1,39
2025-10-23,GA,Midday,2,32,77,26
2025-10-23,NJ,Midday,6,89,62,81
2025-10-23,TN,Midday,8,20,90,64
2025-10-23,FL,Midday,6,47,32,25
2025-10-23,NY,Midday,5,5,93,48
2025-10-23,GA,Evening,2,66,89,8
2025-10-23,TN,Evening,4,28,36,5
2025-10-23,FL,Evening,2,32,47,35
2025-10-23,NY,Evening,9,71,95,36
2025-10-23,NJ,Evening,0,15,13,7
2025-10-23,GA,Night,4,58,55,36
2025-10-24,TN,Morning,4,3,59,82
2025-10-24,GA,Midday,0,94,54,14
2025-10-24,NJ,Midday,2,37,64,83
2025-10-24,TN,Midday,0,49,64,13
2025-10-24,FL,Midday,4,99,0,7
2025-10-24,NY,Midday,6,53,99,79
2025-10-24,GA,Evening,7,9,7,65
2025-10-24,TN,Evening,3,30,6,98
2025-10-24,FL,Evening,0,51,50,84
2025-10-24,NY,Evening,9,58,23,10
2025-10-24,NJ,Evening,8,14,16,80
2025-10-24,GA,Night,2,15,17,85
2025-10-25,TN,Morning,8,88,99,99
2025-10-25,GA,Midday,6,19,56,66
2025-10-25,NJ,Midday,3,57,90,6
2025-10-25,TN,Midday,9,95,20,15
2025-10-25,FL,Midday,3,75,65,11
2025-10-25,NY,Midday,6,72,10,4
2025-10-25,GA,Evening,0,38,82,44
2025-10-25,TN,Evening,6,2,31,24
2025-10-25,FL,Evening,0,75,38,46
2025-10-25,NY,Evening,0,38,2,54
2025-10-25,NJ,Evening,4,37,45,3
2025-10-25,GA,Night,1,56,4,3
2025-10-26,GA,Midday,5,73,74,18
2025-10-26,NJ,Midday,0,71,24,13
2025-10-26,FL,Midday,0,2,71,93
2025-10-26,NY,Midday,4,77,57,72
2025-10-26,GA,Evening,6,29,40,64
2025-10-26,TN,Evening,3,34,88,40
2025-10-26,FL,Evening,1,95,94,43
2025-10-26,NY,Evening,4,4,52,2
2025-10-26,NJ,Evening,5,84,98,95
2025-10-26,GA,Night,9,60,56,35
2025-10-27,TN,Morning,4,5,19,19
2025-10-27,GA,Midday,1,3,97,43
2025-10-27,NJ,Midday,1,29,92,46
2025-10-27,TN,Midday,7,18,1,90
2025-10-27,FL,Midday,6,21,77,49
2025-10-27,NY,Midday,1,59,28,42
2025-10-27,GA,Evening,2,95,99,17
2025-10-27,TN,Evening,9,32,24,15
2025-10-27,FL,Evening,6,60,71,8
2025-10-27,NY,Evening,2,25,15,56
2025-10-27,NJ,Evening,4,82,21,73
2025-10-27,GA,Night,1,90,17,20
2025-10-28,TN,Morning,8,86,6,26
2025-10-28,GA,Midday,4,12,47,53
2025-10-28,NJ,Midday,6,84,50,92
2025-10-28,TN,Midday,5,85,64,52
2025-10-28,FL,Midday,3,33,65,6
2025-10-28,NY,Midday,3,52,11,93
2025-10-28,GA,Evening,4,30,5,50
2025-10-28,TN,Evening,0,52,37,43
2025-10-28,FL,Evening,7,64,20,61
2025-10-28,NY,Evening,0,99,72,69
2025-10-28,NJ,Evening,9,25,39,59
2025-10-28,GA,Night,1,14,39,29
2025-10-29,TN,Morning,1,71,12,80
2025-10-29,GA,Midday,8,73,84,1
2025-10-29,NJ,Midday,5,29,19,95
2025-10-29,TN,Midday,6,32,43,32
2025-10-29,FL,Midday,6,65,30,88
2025-10-29,NY,Midday,7,60,91,54
2025-10-29,GA,Evening,2,39,3,63
2025-10-29,TN,Evening,3,67,34,0
2025-10-29,FL,Evening,5,99,24,9
2025-10-29,NY,Evening,7,61,42,88
2025-10-29,NJ,Evening,4,60,39,81
2025-10-29,GA,Night,3,57,62,75
2025-10-30,TN,Morning,7,29,82,15
2025-10-30,GA,Midday,2,10,33,46
2025-10-30,NJ,Midday,5,20,49,53
2025-10-30,TN,Midday,1,9,97,34
2025-10-30,FL,Midday,9,24,15,76
2025-10-30,NY,Midday,5,38,99,60
2025-10-30,GA,Evening,6,28,77,26
2025-10-30,TN,Evening,6,0,58,41
2025-10-30,NY,Evening,5,64,44,59
2025-10-30,NJ,Evening,3,92,21,37
2025-10-30,GA,Night,7,28,94,18
2025-10-31,TN,Morning,2,98,54,44
2025-10-31,GA,Midday,5,76,27,45
2025-10-31,NJ,Midday,0,78,18,58
2025-10-31,TN,Midday,5,63,66,30
2025-10-31,FL,Midday,2,11,86,96
2025-10-31,NY,Midday,7,60,5,12
2025-10-31,GA,Evening,9,37,95,0
2025-10-31,TN,Evening,6,0,28,52
2025-10-31,FL,Evening,0,98,87,26
2025-10-31,NY,Evening,6,78,46,29
2025-10-31,NJ,Evening,7,6,6,88
2025-10-31,GA,Night,8,88,99,55
2025-11-01,TN,Morning,2,63,35,40
2025-11-01,GA,Midday,5,77,99,10
2025-11-01,NJ,Midday,4,35,16,77
2025-11-01,TN,Midday,9,77,73,27
2025-11-01,FL,Midday,3,26,40,4
2025-11-01,NY,Midday,9,79,16,90
2025-11-01,GA,Evening,1,29,12,68
2025-11-01,NY,Evening,3,2,44,80
2025-11-01,NJ,Evening,3,49,7,9
2025-11-01,GA,Night,1,51,4,73
2025-11-02,GA,Midday,4,24,6,39
2025-11-02,NJ,Midday,9,11,54,77
2025-11-02,FL,Midday,8,34,33,69
2025-11-02,NY,Midday,8,5,75,97
2025-11-02,GA,Evening,2,82,91,97
2025-11-02,TN,Evening,9,11,0,88
2025-11-02,FL,Evening,2,38,91,10
2025-11-02,NY,Evening,7,18,38,38
2025-11-02,NJ,Evening,4,83,70,48
2025-11-02,GA,Night,5,69,81,69
2025-11-03,TN,Morning,3,70,37,36
2025-11-03,GA,Midday,2,44,13,80
2025-11-03,NJ,Midday,4,80,8,62
2025-11-03,TN,Midday,0,54,71,6
2025-11-03,FL,Midday,3,81,57,60
2025-11-03,NY,Midday,0,82,1,97
2025-11-03,GA,Evening,7,88,60,45
2025-11-03,TN,Evening,6,64,92,69
2025-11-03,FL,Evening,0,39,87,95
2025-11-03,NY,Evening,8,97,4,2
2025-11-03,NJ,Evening,1,1,84,79
2025-11-03,GA,Night,3,97,73,22
2025-11-04,TN,Morning,1,71,88,33
2025-11-04,GA,Midday,6,84,44,40
2025-11-04,NJ,Midday,2,75,89,64
2025-11-04,TN,Midday,5,66,39,11
2025-11-04,FL,Midday,7,89,75,21
2025-11-04,NY,Midday,6,84,44,31
2025-11-04,GA,Evening,1,61,69,26
2025-11-04,TN,Evening,5,42,56,55
2025-11-04,NY,Evening,2,72,19,43
2025-11-04,NJ,Evening,7,83,35,90
2025-11-04,GA,Night,2,26,62,85
2025-11-05,TN,Morning,1,47,24,99
2025-11-05,GA,Midday,9,81,5,53
2025-11-05,NJ,Midday,6,64,12,73
2025-11-05,TN,Midday,8,6,36,88
2025-11-05,FL,Midday,9,86,61,37
2025-11-05,NY,Midday,1,44,4,83
2025-11-05,GA,Evening,5,14,95,80
2025-11-05,TN,Evening,9,61,99,46
2025-11-05,FL,Evening,0,83,82,5
2025-11-05,NY,Evening,6,46,3,2
2025-11-05,NJ,Evening,9,64,80,43
2025-11-05,GA,Night,0,19,51,59
2025-11-06,GA,Midday,9,33,74,80
2025-11-06,NY,Midday,4,75,21,10
2025-11-06,GA,Evening,0,3,88,97
2025-11-06,NY,Evening,3,78,88,24
2025-11-06,GA,Night,4,88,64,53
2025-11-07,GA,Midday,9,86,25,77
2025-11-07,NY,Midday,5,32,37,21
2025-11-07,GA,Evening,6,39,59,40
2025-11-07,NY,Evening,6,8,7,23
2025-11-07,GA,Night,8,11,21,76
2025-11-08,GA,Midday,6,5,41,83
2025-11-08,NY,Midday,0,36,51,64
2025-11-08,GA,Evening,0,0,21,42
2025-11-08,NY,Evening,8,53,23,3
2025-11-08,GA,Night,4,44,36,61
2025-11-09,GA,Midday,9,71,11,65
2025-11-09,NJ,Midday,2,74,62,83
2025-11-09,FL,Midday,4,90,75,1
2025-11-09,NY,Midday,5,32,73,22
2025-11-09,GA,Evening,6,39,71,32
2025-11-09,NY,Evening,4,6,14,86
2025-11-09,NJ,Evening,8,44,96,17
2025-11-09,GA,Night,6,37,25,23
2025-11-10,TN,Morning,0,96,74,41
2025-11-10,GA,Midday,3,50,41,67
2025-11-10,NJ,Midday,9,57,58,29
2025-11-10,TN,Midday,9,59,82,47
2025-11-10,FL,Midday,3,66,11,23
2025-11-10,NY,Midday,1,84,23,84
2025-11-10,GA,Evening,2,39,58,76
2025-11-10,TN,Evening,9,16,31,62
2025-11-10,FL,Evening,1,76,38,14
2025-11-10,NY,Evening,2,19,39,97
2025-11-10,NJ,Evening,7,48,14,74
2025-11-10,GA,Night,4,89,32,29
2025-11-11,TN,Morning,3,93,45,15
2025-11-11,GA,Midday,6,31,66,19
2025-11-11,NJ,Midday,7,5,93,88
2025-11-11,TN,Midday,0,23,87,23
2025-11-11,FL,Midday,6,60,36,26
2025-11-11,NY,Midday,2,81,6,83
2025-11-11,GA,Evening,3,34,88,11
2025-11-11,TN,Evening,3,4,83,46
2025-11-11,FL,Evening,0,40,33,50
2025-11-11,NY,Evening,2,1,78,13
2025-11-11,NJ,Evening,8,96,54,64
2025-11-11,GA,Night,3,34,22,43
2025-11-12,TN,Morning,3,32,96,16
2025-11-12,GA,Midday,6,37,56,69
2025-11-12,NJ,Midday,9,27,82,32
2025-11-12,TN,Midday,5,53,88,20
2025-11-12,FL,Midday,8,57,80,55
2025-11-12,NY,Midday,8,83,82,43
2025-11-12,GA,Evening,5,83,27,39
2025-11-12,TN,Evening,3,62,21,33
2025-11-12,NY,Evening,3,55,49,24
2025-11-12,NJ,Evening,0,90,27,84
2025-11-12,GA,Night,5,59,41,67
2025-11-13,TN,Morning,3,14,56,97
2025-11-13,GA,Midday,9,17,73,55
2025-11-13,NJ,Midday,4,34,49,2
2025-11-13,TN,Midday,5,40,9,36
2025-11-13,FL,Midday,6,10,36,90
2025-11-13,NY,Midday,7,50,2,3
2025-11-13,GA,Evening,9,64,6,98
2025-11-13,TN,Evening,9,23,66,66
2025-11-13,FL,Evening,3,16,98,39
2025-11-13,NY,Evening,4,54,64,98
2025-11-13,NJ,Evening,8,90,14,43
2025-11-13,GA,Night,5,94,57,19
2025-11-14,TN,Morning,5,86,83,33
2025-11-14,GA,Midday,9,83,81,71
2025-11-14,NJ,Midday,7,16,56,76
2025-11-14,TN,Midday,3,79,5,41
2025-11-14,FL,Midday,7,67,20,33
2025-11-14,NY,Midday,0,70,92,0
2025-11-14,GA,Evening,0,56,30,16
2025-11-14,TN,Evening,2,16,69,1
2025-11-14,FL,Evening,6,55,5,89
2025-11-14,NY,Evening,4,2,70,94
2025-11-14,NJ,Evening,4,33,83,71
2025-11-14,GA,Night,6,5,80,20
2025-11-15,GA,Midday,7,26,80,62
2025-11-15,NY,Midday,4,84,42,44
2025-11-15,GA,Evening,6,0,48,93
2025-11-15,NY,Evening,8,15,83,12
2025-11-15,GA,Night,5,88,5,99
2025-11-16,GA,Midday,2,82,40,86
2025-11-16,NJ,Midday,1,71,60,79
2025-11-16,FL,Midday,2,86,4,31
2025-11-16,NY,Midday,3,33,1,5
2025-11-16,GA,Evening,4,57,44,5
2025-11-16,NY,Evening,0,11,74,88
2025-11-16,NJ,Evening,6,5,74,98
2025-11-16,GA,Night,5,28,85,58
2025-11-17,TN,Morning,7,84,37,19
2025-11-17,GA,Midday,8,77,23,72
2025-11-17,NJ,Midday,6,89,87,99
2025-11-17,TN,Midday,4,12,17,38
2025-11-17,FL,Midday,1,37,90,73
2025-11-17,NY,Midday,4,48,22,84
2025-11-17,GA,Evening,0,66,35,40
2025-11-17,TN,Evening,1,35,65,44
2025-11-17,FL,Evening,4,0,17,61
2025-11-17,NY,Evening,6,55,9,79
2025-11-17,NJ,Evening,0,66,28,91
2025-11-17,GA,Night,2,58,17,86
2025-11-18,TN,Morning,8,51,3,89
2025-11-18,GA,Midday,9,73,76,38
2025-11-18,NJ,Midday,9,32,52,51
2025-11-18,TN,Midday,7,95,12,68
2025-11-18,FL,Midday,0,13,53,2
2025-11-18,NY,Midday,5,57,44,70
2025-11-18,GA,Evening,8,16,94,29
2025-11-18,TN,Evening,0,86,23,81
2025-11-18,FL,Evening,2,68,34,6
2025-11-18,NY,Evening,5,83,54,66
2025-11-18,NJ,Evening,2,39,40,11
2025-11-18,GA,Night,3,8,66,7
2025-11-19,TN,Morning,5,40,81,66
2025-11-19,GA,Midday,6,29,28,7
2025-11-19,NJ,Midday,8,94,24,78
2025-11-19,TN,Midday,8,36,39,30
2025-11-19,FL,Midday,3,7,9,83
2025-11-19,NY,Midday,8,59,33,53
2025-11-19,GA,Evening,1,22,57,28
2025-11-19,TN,Evening,8,18,98,44
2025-11-19,FL,Evening,1,37,89,45
2025-11-19,NY,Evening,3,28,26,66
2025-11-19,NJ,Evening,4,54,28,51
2025-11-19,GA,Night,4,49,17,91
2025-11-20,TN,Morning,8,25,29,79
2025-11-20,GA,Midday,2,79,73,80
2025-11-20,NJ,Midday,3,33,70,66
2025-11-20,TN,Midday,3,80,5,39
2025-11-20,FL,Midday,2,85,73,26
2025-11-20,NY,Midday,3,33,72,36
2025-11-20,GA,Evening,9,32,19,54
2025-11-20,TN,Evening,7,58,18,54
2025-11-20,FL,Evening,3,14,29,75
2025-11-20,NY,Evening,6,39,14,76
2025-11-20,NJ,Evening,0,75,82,0
2025-11-20,GA,Night,9,8,21,12
2025-11-21,TN,Morning,8,92,13,65
2025-11-21,GA,Midday,8,65,14,47
2025-11-21,NJ,Midday,3,79,20,9
2025-11-21,TN,Midday,3,36,61,74
2025-11-21,FL,Midday,6,72,51,12
2025-11-21,NY,Midday,1,65,3,6
2025-11-21,GA,Evening,8,37,55,13
2025-11-21,TN,Evening,8,3,82,58
2025-11-21,NY,Evening,0,82,30,98
2025-11-21,NJ,Evening,5,74,48,60
2025-11-21,GA,Night,6,87,96,42
2025-11-22,TN,Morning,3,29,12,78
2025-11-22,GA,Midday,4,8,20,27
2025-11-22,NJ,Midday,2,35,17,27
2025-11-22,TN,Midday,4,4,71,57
2025-11-22,FL,Midday,5,28,37,76
2025-11-22,NY,Midday,7,59,83,15
2025-11-22,GA,Evening,7,66,43,42
2025-11-22,TN,Evening,5,85,68,85
2025-11-22,FL,Evening,2,37,13,50
2025-11-22,NY,Evening,8,21,85,27
2025-11-22,NJ,Evening,1,86,23,36
2025-11-22,GA,Night,3,10,68,24
2025-11-23,GA,Midday,9,78,31,95
2025-11-23,NJ,Midday,7,32,91,50
2025-11-23,FL,Midday,1,20,86,24
2025-11-23,NY,Midday,7,16,78,50
2025-11-23,GA,Evening,5,94,88,50
2025-11-23,FL,Evening,1,96,60,29
2025-11-23,NY,Evening,9,97,84,91
2025-11-23,NJ,Evening,2,85,54,64
2025-11-23,GA,Night,9,87,76,40
2025-11-24,TN,Morning,6,22,90,34
2025-11-24,GA,Midday,7,44,4,39
2025-11-24,NJ,Midday,6,61,31,14
2025-11-24,TN,Midday,8,77,17,96
2025-11-24,FL,Midday,9,65,6,57
2025-11-24,NY,Midday,3,56,59,31
2025-11-24,GA,Evening,0,90,29,12
2025-11-24,TN,Evening,3,79,55,60
2025-11-24,FL,Evening,5,55,59,17
2025-11-24,NY,Evening,6,79,70,19
